time,hmd rotation
12:19:41:698,-0.004999819
12:19:41:733,-0.005369538
12:19:41:757,-0.005330751
12:19:41:765,-0.00543813
12:19:41:775,-0.005470872
12:19:41:784,-0.005157525
12:19:41:795,-0.004126354
12:19:41:805,-0.004710872
12:19:41:825,-0.004001441
12:19:41:837,-0.005466908
12:19:41:845,-0.005414363
12:19:41:857,-0.004954418
12:19:41:864,-0.005047414
12:19:41:874,-0.004980852
12:19:41:882,-0.005243938
12:19:41:891,-0.004908924
12:19:41:898,-0.004815886
12:19:41:907,-0.005353266
12:19:41:918,-0.005737305
12:19:41:925,-0.004980292
12:19:41:934,-0.004866569
12:19:41:942,-0.006378174
12:19:41:951,-0.005981445
12:19:41:960,-0.005652659
12:19:41:967,-0.00604248
12:19:41:977,-0.005069349
12:19:41:986,-0.004178459
12:19:42:012,-0.001917159
12:19:42:021,-0.0022347
12:19:42:047,-0.001570927
12:19:42:060,-0.00159199
12:19:42:067,-0.00112039
12:19:42:079,-0.0002964136
12:19:42:090,-0.0002049514
12:19:42:098,-0.0002147847
12:19:42:105,4.074131E-05
12:19:42:115,-0.001612449
12:19:42:123,-0.0007394721
12:19:42:131,-0.002664347
12:19:42:139,-0.00319933
12:19:42:146,-0.003444059
12:19:42:156,-0.00281916
12:19:42:164,-0.003798963
12:19:42:173,-0.003243683
12:19:42:182,-0.003070258
12:19:42:189,-0.002591371
12:19:42:197,-0.002470013
12:19:42:206,-0.002984537
12:19:42:214,-0.003279628
12:19:42:223,-0.003117656
12:19:42:230,-0.003481811
12:19:42:238,-0.003125328
12:19:42:246,-0.003812425
12:19:42:254,-0.004845615
12:19:42:266,-0.004029457
12:19:42:274,-0.003418489
12:19:42:285,-0.003952299
12:19:42:293,-0.003382163
12:19:42:300,-0.003945563
12:19:42:309,-0.003928998
12:19:42:317,-0.003671321
12:19:42:324,-0.003346962
12:19:42:332,-0.002635042
12:19:42:341,-0.001990103
12:19:42:348,-0.002382384
12:19:42:358,-0.0023889
12:19:42:366,-0.003005255
12:19:42:375,-0.003252112
12:19:42:383,-0.003943343
12:19:42:390,-0.003441265
12:19:42:401,-0.003345843
12:19:42:409,-0.004352162
12:19:42:417,-0.003771438
12:19:42:425,-0.004538259
12:19:42:434,-0.005159034
12:19:42:442,-0.004580566
12:19:42:452,-0.00592041
12:19:42:459,-0.006317139
12:19:42:467,-0.005479543
12:19:42:476,-0.005889893
12:19:42:482,-0.005007565
12:19:42:492,-0.005406596
12:19:42:500,-0.006103516
12:19:42:506,-0.005725657
12:19:42:519,-0.005450215
12:19:42:527,-0.004686358
12:19:42:534,-0.004356657
12:19:42:541,-0.003933306
12:19:42:549,-0.003801807
12:19:42:556,-0.002618325
12:19:42:564,-0.002348991
12:19:42:576,-0.001796774
12:19:42:584,-0.001186806
12:19:42:592,-0.001821692
12:19:42:600,-0.001796357
12:19:42:609,-0.000497314
12:19:42:618,-0.0006219718
12:19:42:625,-0.001303825
12:19:42:636,-0.002113714
12:19:42:644,-0.001254769
12:19:42:652,-0.001356307
12:19:42:661,-0.0007186299
12:19:42:669,-0.001918584
12:19:42:678,-0.001257021
12:19:42:686,-0.001742158
12:19:42:696,-0.002366605
12:19:42:703,-0.001928975
12:19:42:711,-0.002061217
12:19:42:720,-0.002799355
12:19:42:727,-0.003006684
12:19:42:734,-0.002983924
12:19:42:742,-0.004036625
12:19:42:752,-0.003710446
12:19:42:760,-0.003395971
12:19:42:767,-0.004294685
12:19:42:777,-0.004774284
12:19:42:785,-0.004696644
12:19:42:794,-0.004986176
12:19:42:802,-0.005691048
12:19:42:813,-0.006195068
12:19:42:821,-0.006164551
12:19:42:828,-0.006561279
12:19:42:837,-0.006561279
12:19:42:845,-0.007049561
12:19:42:851,-0.007080078
12:19:42:860,-0.006408691
12:19:42:870,-0.005981445
12:19:42:880,-0.007171631
12:19:42:888,-0.007781982
12:19:42:897,-0.008422852
12:19:42:905,-0.009460449
12:19:42:911,-0.009552002
12:19:42:921,-0.009918213
12:19:42:928,-0.01013184
12:19:42:935,-0.01101685
12:19:42:943,-0.01034546
12:19:42:950,-0.009124756
12:19:42:960,-0.009552002
12:19:42:967,-0.008850098
12:19:42:975,-0.009185791
12:19:42:986,-0.0100708
12:19:42:994,-0.01019287
12:19:43:002,-0.01043701
12:19:43:010,-0.01010132
12:19:43:019,-0.01062012
12:19:43:027,-0.009429932
12:19:43:035,-0.008666992
12:19:43:044,-0.007507324
12:19:43:052,-0.006317139
12:19:43:061,-0.005950928
12:19:43:069,-0.005643932
12:19:43:076,-0.006011963
12:19:43:085,-0.005524551
12:19:43:092,-0.006256104
12:19:43:103,-0.00692749
12:19:43:110,-0.007263184
12:19:43:120,-0.006896973
12:19:43:128,-0.006072998
12:19:43:136,-0.005828857
12:19:43:143,-0.005570382
12:19:43:154,-0.005267804
12:19:43:164,-0.004973765
12:19:43:172,-0.00604248
12:19:43:183,-0.006622314
12:19:43:192,-0.006744385
12:19:43:202,-0.006286621
12:19:43:211,-0.006530762
12:19:43:222,-0.004956241
12:19:43:231,-0.004578424
12:19:43:241,-0.004412542
12:19:43:250,-0.004675728
12:19:43:263,-0.005711865
12:19:43:274,-0.006469727
12:19:43:288,-0.006744385
12:19:43:296,-0.007202148
12:19:43:305,-0.006713867
12:19:43:313,-0.00668335
12:19:43:323,-0.006622314
12:19:43:333,-0.007293701
12:19:43:343,-0.006378174
12:19:43:351,-0.005828857
12:19:43:359,-0.006378174
12:19:43:367,-0.006896973
12:19:43:376,-0.008178711
12:19:43:385,-0.008148193
12:19:43:393,-0.00793457
12:19:43:405,-0.008483887
12:19:43:415,-0.009979248
12:19:43:423,-0.0111084
12:19:43:432,-0.01113892
12:19:43:440,-0.01116943
12:19:43:449,-0.01132202
12:19:43:461,-0.01211548
12:19:43:469,-0.01239014
12:19:43:479,-0.01275635
12:19:43:490,-0.01239014
12:19:43:498,-0.01312256
12:19:43:507,-0.01309204
12:19:43:515,-0.0135498
12:19:43:523,-0.01397705
12:19:43:532,-0.01495361
12:19:43:540,-0.01589966
12:19:43:547,-0.01678467
12:19:43:556,-0.01696777
12:19:43:565,-0.0184021
12:19:43:573,-0.01916504
12:19:43:581,-0.02026367
12:19:43:590,-0.02093506
12:19:43:599,-0.02246094
12:19:43:607,-0.02380371
12:19:43:615,-0.0241394
12:19:43:626,-0.02566528
12:19:43:633,-0.02749634
12:19:43:640,-0.027771
12:19:43:650,-0.02896118
12:19:43:657,-0.02920532
12:19:43:667,-0.03158569
12:19:43:675,-0.03222656
12:19:43:685,-0.0335083
12:19:43:692,-0.03427124
12:19:43:700,-0.03594971
12:19:43:709,-0.03692627
12:19:43:719,-0.03829956
12:19:43:727,-0.03805542
12:19:43:735,-0.0385437
12:19:43:745,-0.03948975
12:19:43:752,-0.03991699
12:19:43:760,-0.03967285
12:19:43:769,-0.03866577
12:19:43:775,-0.03857422
12:19:43:785,-0.03811646
12:19:43:792,-0.03787231
12:19:43:800,-0.03839111
12:19:43:807,-0.03735352
12:19:43:815,-0.03692627
12:19:43:824,-0.03671265
12:19:43:831,-0.03622437
12:19:43:840,-0.03692627
12:19:43:847,-0.03601074
12:19:43:856,-0.034729
12:19:43:864,-0.03479004
12:19:43:871,-0.03610229
12:19:43:881,-0.03527832
12:19:43:890,-0.03643799
12:19:43:897,-0.03713989
12:19:43:906,-0.0368042
12:19:43:914,-0.0369873
12:19:43:922,-0.03735352
12:19:43:929,-0.03634644
12:19:43:938,-0.03659058
12:19:43:948,-0.03781128
12:19:43:955,-0.03811646
12:19:43:963,-0.03762817
12:19:43:971,-0.03869629
12:19:43:979,-0.03860474
12:19:43:988,-0.03942871
12:19:43:996,-0.03878784
12:19:44:008,-0.03857422
12:19:44:017,-0.03894043
12:19:44:025,-0.03915405
12:19:44:033,-0.0390625
12:19:44:042,-0.03869629
12:19:44:049,-0.03851318
12:19:44:058,-0.03823853
12:19:44:066,-0.03765869
12:19:44:074,-0.03759766
12:19:44:082,-0.03768921
12:19:44:090,-0.03775024
12:19:44:098,-0.03811646
12:19:44:107,-0.03842163
12:19:44:117,-0.0383606
12:19:44:126,-0.0369873
12:19:44:133,-0.03717041
12:19:44:140,-0.03619385
12:19:44:149,-0.03561401
12:19:44:157,-0.03674316
12:19:44:166,-0.03643799
12:19:44:176,-0.03747559
12:19:44:183,-0.0380249
12:19:44:190,-0.03924561
12:19:44:198,-0.03927612
12:19:44:207,-0.03964233
12:19:44:215,-0.03982544
12:19:44:223,-0.03909302
12:19:44:230,-0.03939819
12:19:44:239,-0.03967285
12:19:44:248,-0.03985596
12:19:44:255,-0.03967285
12:19:44:263,-0.04037476
12:19:44:271,-0.04034424
12:19:44:279,-0.0418396
12:19:44:288,-0.04162598
12:19:44:296,-0.04223633
12:19:44:303,-0.04217529
12:19:44:312,-0.04223633
12:19:44:319,-0.04312134
12:19:44:328,-0.0430603
12:19:44:337,-0.0435791
12:19:44:344,-0.04437256
12:19:44:355,-0.0447998
12:19:44:363,-0.04571533
12:19:44:371,-0.04559326
12:19:44:379,-0.04504395
12:19:44:387,-0.04669189
12:19:44:395,-0.04602051
12:19:44:402,-0.04516602
12:19:44:413,-0.04504395
12:19:44:420,-0.04498291
12:19:44:429,-0.04544067
12:19:44:437,-0.04547119
12:19:44:446,-0.04580688
12:19:44:453,-0.0458374
12:19:44:461,-0.0461731
12:19:44:472,-0.04620361
12:19:44:480,-0.04666138
12:19:44:488,-0.0463562
12:19:44:496,-0.0463562
12:19:44:504,-0.04748535
12:19:44:512,-0.04772949
12:19:44:523,-0.0489502
12:19:44:532,-0.04910278
12:19:44:539,-0.04864502
12:19:44:547,-0.04934692
12:19:44:555,-0.04931641
12:19:44:563,-0.04934692
12:19:44:571,-0.04934692
12:19:44:580,-0.04885864
12:19:44:588,-0.04837036
12:19:44:596,-0.04898071
12:19:44:603,-0.04943848
12:19:44:614,-0.04885864
12:19:44:622,-0.0496521
12:19:44:630,-0.04968262
12:19:44:642,-0.04989624
12:19:44:652,-0.05075073
12:19:44:662,-0.05020142
12:19:44:670,-0.05096436
12:19:44:678,-0.05041504
12:19:44:686,-0.04995728
12:19:44:693,-0.05075073
12:19:44:700,-0.05059814
12:19:44:708,-0.05020142
12:19:44:719,-0.05126953
12:19:44:727,-0.05102539
12:19:44:735,-0.05160522
12:19:44:743,-0.05221558
12:19:44:752,-0.05230713
12:19:44:759,-0.0519104
12:19:44:767,-0.05142212
12:19:44:777,-0.05111694
12:19:44:785,-0.05123901
12:19:44:794,-0.05078125
12:19:44:801,-0.05093384
12:19:44:809,-0.05041504
12:19:44:817,-0.05169678
12:19:44:825,-0.05224609
12:19:44:837,-0.05255127
12:19:44:844,-0.05239868
12:19:44:852,-0.05255127
12:19:44:860,-0.05273438
12:19:44:868,-0.05276489
12:19:44:876,-0.05258179
12:19:44:885,-0.05200195
12:19:44:893,-0.05279541
12:19:44:900,-0.05126953
12:19:44:909,-0.0512085
12:19:44:916,-0.05187988
12:19:44:924,-0.0519104
12:19:44:933,-0.05252075
12:19:44:943,-0.05410767
12:19:44:950,-0.0541687
12:19:44:958,-0.05566406
12:19:44:965,-0.05667114
12:19:44:974,-0.05722046
12:19:44:982,-0.05734253
12:19:44:989,-0.05664063
12:19:45:000,-0.0557251
12:19:45:007,-0.05484009
12:19:45:017,-0.05407715
12:19:45:025,-0.05471802
12:19:45:033,-0.05548096
12:19:45:041,-0.05703735
12:19:45:048,-0.05456543
12:19:45:058,-0.05722046
12:19:45:065,-0.05654907
12:19:45:072,-0.05718994
12:19:45:079,-0.05807495
12:19:45:086,-0.05877686
12:19:45:096,-0.05874634
12:19:45:104,-0.05984497
12:19:45:114,-0.05810547
12:19:45:121,-0.05828857
12:19:45:129,-0.05856323
12:19:45:138,-0.05831909
12:19:45:145,-0.05859375
12:19:45:154,-0.05947876
12:19:45:164,-0.05941772
12:19:45:173,-0.05926514
12:19:45:180,-0.05825806
12:19:45:189,-0.05841064
12:19:45:198,-0.059021
12:19:45:206,-0.05953979
12:19:45:214,-0.05923462
12:19:45:224,-0.06002808
12:19:45:232,-0.06057739
12:19:45:239,-0.06085205
12:19:45:247,-0.06118774
12:19:45:256,-0.06112671
12:19:45:266,-0.06079102
12:19:45:273,-0.0609436
12:19:45:282,-0.06173706
12:19:45:291,-0.06143188
12:19:45:300,-0.06195068
12:19:45:308,-0.06115723
12:19:45:314,-0.06134033
12:19:45:321,-0.06109619
12:19:45:329,-0.06176758
12:19:45:339,-0.06066895
12:19:45:346,-0.06161499
12:19:45:355,-0.06219482
12:19:45:363,-0.06079102
12:19:45:371,-0.06115723
12:19:45:380,-0.06137085
12:19:45:387,-0.06170654
12:19:45:397,-0.06137085
12:19:45:406,-0.06176758
12:19:45:413,-0.06057739
12:19:45:420,-0.06063843
12:19:45:428,-0.06054688
12:19:45:436,-0.06063843
12:19:45:443,-0.06109619
12:19:45:453,-0.06082153
12:19:45:462,-0.06097412
12:19:45:469,-0.06063843
12:19:45:477,-0.06085205
12:19:45:486,-0.06124878
12:19:45:493,-0.06066895
12:19:45:501,-0.06021118
12:19:45:511,-0.06085205
12:19:45:520,-0.06039429
12:19:45:527,-0.06063843
12:19:45:534,-0.0604248
12:19:45:542,-0.06072998
12:19:45:550,-0.05966187
12:19:45:557,-0.05993652
12:19:45:567,-0.05990601
12:19:45:575,-0.06030273
12:19:45:583,-0.0604248
12:19:45:590,-0.05969238
12:19:45:599,-0.05987549
12:19:45:606,-0.06033325
12:19:45:613,-0.05984497
12:19:45:623,-0.06054688
12:19:45:632,-0.06011963
12:19:45:643,-0.06103516
12:19:45:650,-0.0614624
12:19:45:661,-0.06097412
12:19:45:669,-0.06176758
12:19:45:677,-0.0612793
12:19:45:686,-0.0614624
12:19:45:693,-0.06158447
12:19:45:703,-0.06097412
12:19:45:713,-0.06103516
12:19:45:723,-0.06130981
12:19:45:734,-0.06060791
12:19:45:744,-0.06130981
12:19:45:751,-0.06140137
12:19:45:760,-0.06173706
12:19:45:767,-0.06115723
12:19:45:775,-0.06195068
12:19:45:783,-0.06100464
12:19:45:791,-0.06259155
12:19:45:798,-0.06207275
12:19:45:809,-0.06195068
12:19:45:818,-0.06210327
12:19:45:829,-0.06240845
12:19:45:837,-0.06265259
12:19:45:846,-0.06283569
12:19:45:854,-0.06314087
12:19:45:862,-0.06369019
12:19:45:870,-0.06332397
12:19:45:880,-0.06332397
12:19:45:887,-0.06524658
12:19:45:896,-0.06494141
12:19:45:903,-0.06439209
12:19:45:911,-0.06460571
12:19:45:918,-0.06433105
12:19:45:925,-0.06494141
12:19:45:934,-0.06393433
12:19:45:943,-0.0647583
12:19:45:951,-0.0652771
12:19:45:958,-0.06533813
12:19:45:966,-0.06564331
12:19:45:973,-0.06506348
12:19:45:984,-0.06607056
12:19:45:990,-0.06668091
12:19:46:003,-0.06698608
12:19:46:008,-0.0670166
12:19:46:017,-0.06668091
12:19:46:026,-0.06729126
12:19:46:033,-0.06719971
12:19:46:043,-0.06680298
12:19:46:050,-0.06729126
12:19:46:059,-0.06643677
12:19:46:066,-0.06652832
12:19:46:074,-0.065979
12:19:46:083,-0.065979
12:19:46:090,-0.0664978
12:19:46:098,-0.06634521
12:19:46:107,-0.06576538
12:19:46:115,-0.06564331
12:19:46:123,-0.0664978
12:19:46:130,-0.0664978
12:19:46:139,-0.06604004
12:19:46:147,-0.06674194
12:19:46:154,-0.065979
12:19:46:164,-0.06680298
12:19:46:172,-0.06698608
12:19:46:180,-0.06665039
12:19:46:188,-0.06695557
12:19:46:195,-0.06668091
12:19:46:204,-0.06692505
12:19:46:212,-0.0657959
12:19:46:221,-0.06521606
12:19:46:229,-0.06518555
12:19:46:236,-0.06533813
12:19:46:245,-0.06512451
12:19:46:252,-0.06503296
12:19:46:260,-0.06558228
12:19:46:267,-0.06546021
12:19:46:277,-0.06628418
12:19:46:285,-0.06634521
12:19:46:293,-0.06616211
12:19:46:302,-0.06604004
12:19:46:310,-0.06692505
12:19:46:317,-0.06741333
12:19:46:326,-0.0680542
12:19:46:337,-0.06814575
12:19:46:345,-0.06729126
12:19:46:353,-0.06768799
12:19:46:360,-0.06680298
12:19:46:368,-0.06567383
12:19:46:376,-0.06604004
12:19:46:385,-0.06564331
12:19:46:394,-0.06637573
12:19:46:403,-0.06640625
12:19:46:412,-0.06607056
12:19:46:419,-0.06677246
12:19:46:429,-0.06616211
12:19:46:436,-0.0657959
12:19:46:446,-0.0670166
12:19:46:459,-0.06680298
12:19:46:468,-0.06707764
12:19:46:478,-0.06759644
12:19:46:488,-0.06695557
12:19:46:496,-0.06744385
12:19:46:508,-0.06747437
12:19:46:518,-0.06845093
12:19:46:531,-0.06842041
12:19:46:539,-0.06842041
12:19:46:548,-0.0687561
12:19:46:557,-0.06951904
12:19:46:566,-0.06958008
12:19:46:574,-0.07046509
12:19:46:582,-0.07025146
12:19:46:594,-0.0715332
12:19:46:602,-0.07104492
12:19:46:612,-0.07061768
12:19:46:620,-0.07128906
12:19:46:630,-0.07150269
12:19:46:639,-0.07138062
12:19:46:649,-0.072052
12:19:46:660,-0.0713501
12:19:46:670,-0.07180786
12:19:46:678,-0.07174683
12:19:46:689,-0.0718689
12:19:46:698,-0.07131958
12:19:46:709,-0.07168579
12:19:46:719,-0.07275391
12:19:46:729,-0.07177734
12:19:46:737,-0.07266235
12:19:46:745,-0.07217407
12:19:46:754,-0.07159424
12:19:46:762,-0.07235718
12:19:46:770,-0.07229614
12:19:46:780,-0.07229614
12:19:46:790,-0.07199097
12:19:46:799,-0.07232666
12:19:46:808,-0.07263184
12:19:46:817,-0.07211304
12:19:46:825,-0.07229614
12:19:46:833,-0.07183838
12:19:46:842,-0.07284546
12:19:46:850,-0.07333374
12:19:46:858,-0.07318115
12:19:46:865,-0.07406616
12:19:46:873,-0.07312012
12:19:46:880,-0.07376099
12:19:46:888,-0.0737915
12:19:46:899,-0.0737915
12:19:46:907,-0.0741272
12:19:46:915,-0.07400513
12:19:46:923,-0.07427979
12:19:46:931,-0.07440186
12:19:46:941,-0.07449341
12:19:46:952,-0.0737915
12:19:46:963,-0.07427979
12:19:46:971,-0.07388306
12:19:46:977,-0.0737915
12:19:46:985,-0.07397461
12:19:46:994,-0.07394409
12:19:47:003,-0.07345581
12:19:47:010,-0.07244873
12:19:47:022,-0.07232666
12:19:47:032,-0.07263184
12:19:47:041,-0.07339478
12:19:47:051,-0.07287598
12:19:47:059,-0.07440186
12:19:47:065,-0.07543945
12:19:47:073,-0.07458496
12:19:47:080,-0.0748291
12:19:47:088,-0.07473755
12:19:47:098,-0.0736084
12:19:47:106,-0.07400513
12:19:47:113,-0.07476807
12:19:47:121,-0.074646
12:19:47:129,-0.0748291
12:19:47:138,-0.07501221
12:19:47:147,-0.07611084
12:19:47:154,-0.0760498
12:19:47:163,-0.0763855
12:19:47:171,-0.0770874
12:19:47:178,-0.07641602
12:19:47:186,-0.07696533
12:19:47:194,-0.07620239
12:19:47:202,-0.07629395
12:19:47:213,-0.0763855
12:19:47:221,-0.07598877
12:19:47:229,-0.07592773
12:19:47:237,-0.07568359
12:19:47:246,-0.07565308
12:19:47:253,-0.07525635
12:19:47:264,-0.07513428
12:19:47:274,-0.07470703
12:19:47:282,-0.07461548
12:19:47:290,-0.07495117
12:19:47:298,-0.07418823
12:19:47:306,-0.07467651
12:19:47:313,-0.07421875
12:19:47:322,-0.07397461
12:19:47:330,-0.07443237
12:19:47:338,-0.07391357
12:19:47:346,-0.07467651
12:19:47:353,-0.07485962
12:19:47:360,-0.07553101
12:19:47:368,-0.0758667
12:19:47:378,-0.07608032
12:19:47:386,-0.07592773
12:19:47:394,-0.07653809
12:19:47:402,-0.07644653
12:19:47:411,-0.07583618
12:19:47:419,-0.07608032
12:19:47:427,-0.07669067
12:19:47:437,-0.07577515
12:19:47:445,-0.07620239
12:19:47:456,-0.07717896
12:19:47:463,-0.07711792
12:19:47:472,-0.07678223
12:19:47:481,-0.0765686
12:19:47:492,-0.07568359
12:19:47:500,-0.07522583
12:19:47:509,-0.07507324
12:19:47:517,-0.07574463
12:19:47:525,-0.07611084
12:19:47:534,-0.07632446
12:19:47:543,-0.07693481
12:19:47:554,-0.07644653
12:19:47:563,-0.07699585
12:19:47:572,-0.07727051
12:19:47:581,-0.07723999
12:19:47:589,-0.07717896
12:19:47:598,-0.07687378
12:19:47:609,-0.07699585
12:19:47:617,-0.07614136
12:19:47:628,-0.07672119
12:19:47:638,-0.07717896
12:19:47:647,-0.07748413
12:19:47:659,-0.07778931
12:19:47:670,-0.07769775
12:19:47:680,-0.07843018
12:19:47:690,-0.07775879
12:19:47:699,-0.07751465
12:19:47:708,-0.07757568
12:19:47:717,-0.07699585
12:19:47:725,-0.07730103
12:19:47:736,-0.07772827
12:19:47:744,-0.07748413
12:19:47:753,-0.07730103
12:19:47:763,-0.07717896
12:19:47:771,-0.07751465
12:19:47:779,-0.07699585
12:19:47:789,-0.07739258
12:19:47:799,-0.07836914
12:19:47:808,-0.07791138
12:19:47:817,-0.07751465
12:19:47:826,-0.07699585
12:19:47:835,-0.07647705
12:19:47:845,-0.07546997
12:19:47:857,-0.07461548
12:19:47:866,-0.0737915
12:19:47:876,-0.07409668
12:19:47:884,-0.07559204
12:19:47:895,-0.0760498
12:19:47:903,-0.07693481
12:19:47:912,-0.07672119
12:19:47:924,-0.07653809
12:19:47:932,-0.07608032
12:19:47:941,-0.07653809
12:19:47:949,-0.07635498
12:19:47:957,-0.07601929
12:19:47:966,-0.07614136
12:19:47:976,-0.07528687
12:19:47:984,-0.07589722
12:19:47:993,-0.07528687
12:19:48:000,-0.07449341
12:19:48:008,-0.07449341
12:19:48:018,-0.07440186
12:19:48:026,-0.07415771
12:19:48:038,-0.07421875
12:19:48:046,-0.07366943
12:19:48:057,-0.07363892
12:19:48:065,-0.07421875
12:19:48:074,-0.07305908
12:19:48:083,-0.07299805
12:19:48:091,-0.07327271
12:19:48:101,-0.07263184
12:19:48:110,-0.07244873
12:19:48:121,-0.07250977
12:19:48:128,-0.0730896
12:19:48:138,-0.07241821
12:19:48:147,-0.07223511
12:19:48:159,-0.07189941
12:19:48:168,-0.07244873
12:19:48:178,-0.07260132
12:19:48:187,-0.07333374
12:19:48:199,-0.07373047
12:19:48:208,-0.07443237
12:19:48:219,-0.07406616
12:19:48:233,-0.07415771
12:19:48:243,-0.07418823
12:19:48:258,-0.07366943
12:19:48:268,-0.07333374
12:19:48:278,-0.07312012
12:19:48:288,-0.07281494
12:19:48:297,-0.07272339
12:19:48:306,-0.07296753
12:19:48:318,-0.07391357
12:19:48:325,-0.07562256
12:19:48:333,-0.07589722
12:19:48:341,-0.07553101
12:19:48:348,-0.07546997
12:19:48:357,-0.07455444
12:19:48:365,-0.07351685
12:19:48:377,-0.07226563
12:19:48:385,-0.07223511
12:19:48:392,-0.07095337
12:19:48:400,-0.07089233
12:19:48:408,-0.07189941
12:19:48:418,-0.07354736
12:19:48:429,-0.07293701
12:19:48:439,-0.07489014
12:19:48:447,-0.07620239
12:19:48:454,-0.07531738
12:19:48:462,-0.07546997
12:19:48:471,-0.0743103
12:19:48:483,-0.07339478
12:19:48:492,-0.07403564
12:19:48:501,-0.07348633
12:19:48:510,-0.07528687
12:19:48:523,-0.07608032
12:19:48:530,-0.07803345
12:19:48:542,-0.07794189
12:19:48:553,-0.07797241
12:19:48:561,-0.07769775
12:19:48:570,-0.07815552
12:19:48:580,-0.0791626
12:19:48:588,-0.07870483
12:19:48:597,-0.07873535
12:19:48:604,-0.07702637
12:19:48:614,-0.078125
12:19:48:622,-0.07763672
12:19:48:629,-0.07751465
12:19:48:638,-0.07714844
12:19:48:646,-0.07705688
12:19:48:655,-0.07717896
12:19:48:663,-0.07653809
12:19:48:672,-0.07659912
12:19:48:682,-0.0770874
12:19:48:689,-0.07757568
12:19:48:697,-0.07629395
12:19:48:705,-0.07730103
12:19:48:712,-0.07763672
12:19:48:720,-0.07821655
12:19:48:728,-0.07772827
12:19:48:736,-0.07888794
12:19:48:744,-0.07839966
12:19:48:750,-0.0796814
12:19:48:757,-0.08004761
12:19:48:765,-0.07949829
12:19:48:772,-0.08029175
12:19:48:783,-0.08032227
12:19:48:790,-0.08041382
12:19:48:798,-0.08068848
12:19:48:805,-0.08154297
12:19:48:813,-0.08120728
12:19:48:820,-0.08206177
12:19:48:830,-0.08203125
12:19:48:837,-0.08151245
12:19:48:844,-0.08209229
12:19:48:851,-0.08172607
12:19:48:859,-0.08312988
12:19:48:866,-0.08248901
12:19:48:873,-0.08255005
12:19:48:883,-0.08233643
12:19:48:890,-0.08306885
12:19:48:898,-0.08374023
12:19:48:906,-0.08428955
12:19:48:916,-0.08459473
12:19:48:925,-0.08456421
12:19:48:932,-0.08486938
12:19:48:943,-0.08441162
12:19:48:950,-0.0847168
12:19:48:961,-0.0848999
12:19:48:968,-0.08474731
12:19:48:975,-0.08422852
12:19:48:984,-0.08407593
12:19:48:990,-0.08383179
12:19:49:001,-0.08380127
12:19:49:008,-0.08374023
12:19:49:016,-0.08312988
12:19:49:025,-0.08291626
12:19:49:032,-0.08395386
12:19:49:039,-0.08383179
12:19:49:049,-0.08322144
12:19:49:055,-0.08413696
12:19:49:063,-0.08474731
12:19:49:071,-0.08398438
12:19:49:078,-0.08428955
12:19:49:086,-0.08462524
12:19:49:093,-0.08428955
12:19:49:102,-0.08422852
12:19:49:109,-0.084198
12:19:49:116,-0.08456421
12:19:49:125,-0.08432007
12:19:49:132,-0.08526611
12:19:49:140,-0.08453369
12:19:49:147,-0.08422852
12:19:49:157,-0.08392334
12:19:49:165,-0.08416748
12:19:49:173,-0.08346558
12:19:49:181,-0.08364868
12:19:49:187,-0.08349609
12:19:49:194,-0.08340454
12:19:49:202,-0.08337402
12:19:49:210,-0.08258057
12:19:49:219,-0.08377075
12:19:49:226,-0.08343506
12:19:49:234,-0.08337402
12:19:49:242,-0.08450317
12:19:49:249,-0.0838623
12:19:49:257,-0.08428955
12:19:49:266,-0.08361816
12:19:49:274,-0.084198
12:19:49:281,-0.08407593
12:19:49:288,-0.08398438
12:19:49:297,-0.08407593
12:19:49:307,-0.08502197
12:19:49:314,-0.08456421
12:19:49:326,-0.08480835
12:19:49:334,-0.08428955
12:19:49:343,-0.08407593
12:19:49:350,-0.08297729
12:19:49:359,-0.08352661
12:19:49:368,-0.08340454
12:19:49:375,-0.08306885
12:19:49:388,-0.08352661
12:19:49:398,-0.08404541
12:19:49:408,-0.08450317
12:19:49:415,-0.08447266
12:19:49:423,-0.08532715
12:19:49:431,-0.08526611
12:19:49:439,-0.0859375
12:19:49:449,-0.08666992
12:19:49:457,-0.0864563
12:19:49:468,-0.08703613
12:19:49:475,-0.08685303
12:19:49:486,-0.08728027
12:19:49:496,-0.08679199
12:19:49:509,-0.0866394
12:19:49:519,-0.08666992
12:19:49:528,-0.08703613
12:19:49:536,-0.08621216
12:19:49:544,-0.08605957
12:19:49:553,-0.08660889
12:19:49:560,-0.08673096
12:19:49:568,-0.08657837
12:19:49:579,-0.08612061
12:19:49:588,-0.08703613
12:19:49:596,-0.08547974
12:19:49:604,-0.0848999
12:19:49:612,-0.0843811
12:19:49:619,-0.08294678
12:19:49:629,-0.08294678
12:19:49:638,-0.08200073
12:19:49:647,-0.08108521
12:19:49:656,-0.08111572
12:19:49:665,-0.08154297
12:19:49:673,-0.08218384
12:19:49:682,-0.08190918
12:19:49:691,-0.08190918
12:19:49:700,-0.08139038
12:19:49:710,-0.08035278
12:19:49:718,-0.08151245
12:19:49:725,-0.08111572
12:19:49:732,-0.08108521
12:19:49:741,-0.08215332
12:19:49:750,-0.08267212
12:19:49:758,-0.08239746
12:19:49:765,-0.08312988
12:19:49:772,-0.08349609
12:19:49:780,-0.08496094
12:19:49:788,-0.08566284
12:19:49:799,-0.08651733
12:19:49:806,-0.08660889
12:19:49:812,-0.0864563
12:19:49:820,-0.08584595
12:19:49:830,-0.08569336
12:19:49:840,-0.08486938
12:19:49:850,-0.08428955
12:19:49:860,-0.08377075
12:19:49:871,-0.08337402
12:19:49:879,-0.08325195
12:19:49:888,-0.08416748
12:19:49:898,-0.08450317
12:19:49:906,-0.08349609
12:19:49:916,-0.08337402
12:19:49:924,-0.08294678
12:19:49:933,-0.08169556
12:19:49:941,-0.08023071
12:19:49:951,-0.07870483
12:19:49:959,-0.07611084
12:19:49:970,-0.07254028
12:19:49:978,-0.07183838
12:19:49:985,-0.06997681
12:19:49:993,-0.06750488
12:19:50:001,-0.06481934
12:19:50:011,-0.06109619
12:19:50:019,-0.05892944
12:19:50:028,-0.05615234
12:19:50:036,-0.05368042
12:19:50:045,-0.05075073
12:19:50:053,-0.04818726
12:19:50:061,-0.04629517
12:19:50:070,-0.0428772
12:19:50:078,-0.03833008
12:19:50:088,-0.03405762
12:19:50:095,-0.03167725
12:19:50:103,-0.02947998
12:19:50:113,-0.02609253
12:19:50:121,-0.02310181
12:19:50:130,-0.02053833
12:19:50:140,-0.01760864
12:19:50:148,-0.01724243
12:19:50:156,-0.01693726
12:19:50:165,-0.01593018
12:19:50:174,-0.01583862
12:19:50:182,-0.01678467
12:19:50:191,-0.01852417
12:19:50:201,-0.02062988
12:19:50:209,-0.02111816
12:19:50:217,-0.02374268
12:19:50:226,-0.02548218
12:19:50:234,-0.02755737
12:19:50:242,-0.02926636
12:19:50:251,-0.03182983
12:19:50:261,-0.03518677
12:19:50:269,-0.03729248
12:19:50:277,-0.0383606
12:19:50:285,-0.03942871
12:19:50:293,-0.04147339
12:19:50:301,-0.04281616
12:19:50:309,-0.0435791
12:19:50:319,-0.04525757
12:19:50:327,-0.04611206
12:19:50:337,-0.04632568
12:19:50:345,-0.04705811
12:19:50:355,-0.04925537
12:19:50:362,-0.04995728
12:19:50:372,-0.0524292
12:19:50:380,-0.05404663
12:19:50:386,-0.05471802
12:19:50:396,-0.05603027
12:19:50:403,-0.056427
12:19:50:410,-0.05700684
12:19:50:417,-0.05792236
12:19:50:427,-0.05871582
12:19:50:435,-0.05908203
12:19:50:443,-0.05944824
12:19:50:450,-0.05978394
12:19:50:458,-0.06124878
12:19:50:465,-0.06164551
12:19:50:473,-0.06378174
12:19:50:480,-0.06469727
12:19:50:490,-0.06719971
12:19:50:497,-0.06942749
12:19:50:504,-0.0710144
12:19:50:512,-0.07559204
12:19:50:519,-0.07855225
12:19:50:527,-0.08132935
12:19:50:538,-0.08462524
12:19:50:546,-0.08984375
12:19:50:558,-0.09741211
12:19:50:565,-0.1018677
12:19:50:572,-0.1079102
12:19:50:580,-0.1130676
12:19:50:586,-0.1195374
12:19:50:596,-0.129303
12:19:50:603,-0.1362
12:19:50:612,-0.1416321
12:19:50:620,-0.1524658
12:19:50:627,-0.1612854
12:19:50:635,-0.1714783
12:19:50:642,-0.1811218
12:19:50:651,-0.1906433
12:19:50:659,-0.202301
12:19:50:668,-0.2163086
12:19:50:677,-0.2319031
12:19:50:685,-0.2454529
12:19:50:693,-0.2610779
12:19:50:701,-0.2738342
12:19:50:709,-0.2913818
12:19:50:719,-0.3105774
12:19:50:727,-0.3322754
12:19:50:736,-0.3537598
12:19:50:744,-0.3728943
12:19:50:751,-0.3929443
12:19:50:760,-0.4176636
12:19:50:767,-0.4403687
12:19:50:774,-0.4621277
12:19:50:784,-0.4951477
12:19:50:792,-0.5221863
12:19:50:799,-0.5512085
12:19:50:806,-0.5775452
12:19:50:814,-0.6038208
12:19:50:821,-0.6308289
12:19:50:831,-0.6574097
12:19:50:839,-0.6972656
12:19:50:847,-0.7264099
12:19:50:855,-0.7546082
12:19:50:862,-0.7815857
12:19:50:868,-0.8101807
12:19:50:876,-0.8423157
12:19:50:885,-0.8848877
12:19:50:894,-0.9195557
12:19:50:902,-0.9548645
12:19:50:909,-0.9936218
12:19:50:918,-1.030823
12:19:50:926,-1.063019
12:19:50:933,-1.103821
12:19:50:942,-1.146301
12:19:50:949,-1.181458
12:19:50:957,-1.220917
12:19:50:964,-1.258514
12:19:50:973,-1.302734
12:19:50:980,-1.342041
12:19:50:988,-1.382629
12:19:50:999,-1.438141
12:19:51:006,-1.480804
12:19:51:014,-1.515137
12:19:51:021,-1.565826
12:19:51:029,-1.610382
12:19:51:037,-1.657623
12:19:51:045,-1.703918
12:19:51:055,-1.765167
12:19:51:062,-1.808258
12:19:51:070,-1.848907
12:19:51:080,-1.900177
12:19:51:086,-1.935944
12:19:51:094,-1.986969
12:19:51:101,-2.029694
12:19:51:110,-2.081879
12:19:51:118,-2.12973
12:19:51:125,-2.175354
12:19:51:133,-2.224762
12:19:51:142,-2.282043
12:19:51:150,-2.333008
12:19:51:160,-2.391327
12:19:51:169,-2.452545
12:19:51:176,-2.490417
12:19:51:183,-2.549652
12:19:51:192,-2.604492
12:19:51:200,-2.660461
12:19:51:207,-2.718628
12:19:51:215,-2.771057
12:19:51:223,-2.831909
12:19:51:230,-2.888794
12:19:51:240,-2.953583
12:19:51:248,-3.015594
12:19:51:255,-3.069824
12:19:51:262,-3.126007
12:19:51:270,-3.186371
12:19:51:280,-3.241028
12:19:51:288,-3.31427
12:19:51:295,-3.375946
12:19:51:302,-3.435944
12:19:51:310,-3.496552
12:19:51:318,-3.561584
12:19:51:326,-3.63501
12:19:51:336,-3.712067
12:19:51:345,-3.787689
12:19:51:352,-3.846771
12:19:51:361,-3.913788
12:19:51:368,-3.984955
12:19:51:377,-4.050049
12:19:51:384,-4.113037
12:19:51:393,-4.188416
12:19:51:402,-4.261627
12:19:51:409,-4.329651
12:19:51:416,-4.379547
12:19:51:424,-4.46344
12:19:51:431,-4.532501
12:19:51:441,-4.611176
12:19:51:448,-4.681061
12:19:51:459,-4.775757
12:19:51:467,-4.850739
12:19:51:474,-4.920288
12:19:51:483,-4.977203
12:19:51:490,-5.073914
12:19:51:498,-5.143402
12:19:51:505,-5.209503
12:19:51:516,-5.317963
12:19:51:526,-5.41214
12:19:51:534,-5.489868
12:19:51:543,-5.572144
12:19:51:551,-5.651947
12:19:51:559,-5.713562
12:19:51:570,-5.826843
12:19:51:578,-5.904541
12:19:51:587,-5.987213
12:19:51:594,-6.057037
12:19:51:601,-6.128815
12:19:51:610,-6.209198
12:19:51:617,-6.276001
12:19:51:625,-6.360229
12:19:51:635,-6.451874
12:19:51:643,-6.536255
12:19:51:651,-6.605865
12:19:51:659,-6.670715
12:19:51:667,-6.75705
12:19:51:675,-6.828186
12:19:51:686,-6.890015
12:19:51:696,-7.024872
12:19:51:708,-7.09552
12:19:51:716,-7.222565
12:19:51:726,-7.317383
12:19:51:735,-7.398254
12:19:51:743,-7.488098
12:19:51:752,-7.566956
12:19:51:760,-7.645355
12:19:51:769,-7.73761
12:19:51:777,-7.802094
12:19:51:787,-7.896118
12:19:51:795,-7.963654
12:19:51:802,-8.036469
12:19:51:810,-8.100647
12:19:51:817,-8.165741
12:19:51:828,-8.255371
12:19:51:835,-8.317749
12:19:51:842,-8.382599
12:19:51:851,-8.454468
12:19:51:858,-8.515686
12:19:51:867,-8.591156
12:19:51:875,-8.643616
12:19:51:886,-8.747986
12:19:51:894,-8.81015
12:19:51:902,-8.869446
12:19:51:909,-8.934723
12:19:51:917,-8.995483
12:19:51:926,-9.065979
12:19:51:934,-9.119354
12:19:51:945,-9.190918
12:19:51:952,-9.244995
12:19:51:960,-9.297516
12:19:51:969,-9.348053
12:19:51:976,-9.393097
12:19:51:984,-9.442291
12:19:51:993,-9.490936
12:19:52:004,-9.553833
12:19:52:011,-9.59903
12:19:52:019,-9.644287
12:19:52:028,-9.703125
12:19:52:036,-9.751526
12:19:52:044,-9.79953
12:19:52:055,-9.846802
12:19:52:063,-9.898956
12:19:52:070,-9.940002
12:19:52:079,-9.984833
12:19:52:089,-10.03857
12:19:52:096,-10.07144
12:19:52:103,-10.11853
12:19:52:112,-10.16446
12:19:52:120,-10.21027
12:19:52:129,-10.25955
12:19:52:137,-10.30048
12:19:52:144,-10.33228
12:19:52:151,-10.37888
12:19:52:158,-10.41629
12:19:52:167,-10.46024
12:19:52:177,-10.5094
12:19:52:184,-10.54749
12:19:52:192,-10.58621
12:19:52:199,-10.61749
12:19:52:207,-10.65479
12:19:52:215,-10.69946
12:19:52:223,-10.74301
12:19:52:233,-10.7933
12:19:52:241,-10.83151
12:19:52:249,-10.87247
12:19:52:257,-10.90753
12:19:52:264,-10.94092
12:19:52:271,-10.97308
12:19:52:278,-11.00119
12:19:52:289,-11.04935
12:19:52:296,-11.07904
12:19:52:303,-11.11261
12:19:52:312,-11.13705
12:19:52:319,-11.17096
12:19:52:327,-11.20251
12:19:52:335,-11.22952
12:19:52:345,-11.26581
12:19:52:353,-11.29495
12:19:52:361,-11.3186
12:19:52:372,-11.34894
12:19:52:379,-11.36969
12:19:52:386,-11.39139
12:19:52:394,-11.41092
12:19:52:402,-11.43253
12:19:52:411,-11.45227
12:19:52:419,-11.47
12:19:52:426,-11.48526
12:19:52:434,-11.49966
12:19:52:442,-11.51172
12:19:52:452,-11.51987
12:19:52:461,-11.52853
12:19:52:469,-11.53137
12:19:52:478,-11.52917
12:19:52:486,-11.52518
12:19:52:493,-11.51782
12:19:52:501,-11.50989
12:19:52:510,-11.495
12:19:52:519,-11.4812
12:19:52:528,-11.46216
12:19:52:537,-11.44647
12:19:52:545,-11.42432
12:19:52:554,-11.40067
12:19:52:562,-11.37567
12:19:52:572,-11.34579
12:19:52:580,-11.31888
12:19:52:591,-11.27676
12:19:52:600,-11.25183
12:19:52:608,-11.20981
12:19:52:616,-11.18204
12:19:52:623,-11.13507
12:19:52:632,-11.09079
12:19:52:643,-11.04208
12:19:52:652,-10.97644
12:19:52:659,-10.93369
12:19:52:667,-10.89645
12:19:52:674,-10.8425
12:19:52:681,-10.79926
12:19:52:690,-10.74326
12:19:52:698,-10.69781
12:19:52:708,-10.63214
12:19:52:716,-10.59143
12:19:52:724,-10.52924
12:19:52:732,-10.48505
12:19:52:740,-10.41379
12:19:52:748,-10.3569
12:19:52:755,-10.30371
12:19:52:765,-10.22754
12:19:52:773,-10.1597
12:19:52:781,-10.10635
12:19:52:789,-10.03326
12:19:52:798,-9.96817
12:19:52:805,-9.905396
12:19:52:814,-9.836334
12:19:52:824,-9.750366
12:19:52:833,-9.673706
12:19:52:841,-9.609528
12:19:52:849,-9.540283
12:19:52:857,-9.470062
12:19:52:864,-9.407013
12:19:52:873,-9.356842
12:19:52:883,-9.240234
12:19:52:892,-9.15567
12:19:52:904,-9.060608
12:19:52:912,-8.98465
12:19:52:920,-8.911438
12:19:52:928,-8.845032
12:19:52:935,-8.776306
12:19:52:943,-8.703735
12:19:52:951,-8.629456
12:19:52:962,-8.535095
12:19:52:970,-8.45932
12:19:52:978,-8.385742
12:19:52:986,-8.315948
12:19:52:993,-8.24234
12:19:53:001,-8.176483
12:19:53:012,-8.085846
12:19:53:018,-8.015106
12:19:53:027,-7.944611
12:19:53:035,-7.862823
12:19:53:043,-7.793304
12:19:53:051,-7.723846
12:19:53:058,-7.655273
12:19:53:067,-7.568115
12:19:53:077,-7.479614
12:19:53:085,-7.40741
12:19:53:094,-7.335358
12:19:53:102,-7.263062
12:19:53:110,-7.201385
12:19:53:118,-7.118195
12:19:53:125,-7.058533
12:19:53:138,-6.9328
12:19:53:145,-6.856018
12:19:53:157,-6.755341
12:19:53:165,-6.667755
12:19:53:177,-6.57077
12:19:53:185,-6.487488
12:19:53:199,-6.365509
12:19:53:207,-6.27887
12:19:53:219,-6.169647
12:19:53:227,-6.082581
12:19:53:236,-5.983673
12:19:53:246,-5.875916
12:19:53:258,-5.757172
12:19:53:266,-5.667297
12:19:53:277,-5.553589
12:19:53:285,-5.460327
12:19:53:293,-5.363312
12:19:53:302,-5.268463
12:19:53:310,-5.175903
12:19:53:321,-5.065735
12:19:53:330,-4.958099
12:19:53:339,-4.851532
12:19:53:346,-4.774414
12:19:53:356,-4.658203
12:19:53:366,-4.545532
12:19:53:374,-4.450256
12:19:53:385,-4.337036
12:19:53:393,-4.236023
12:19:53:402,-4.141144
12:19:53:411,-4.040192
12:19:53:420,-3.942474
12:19:53:428,-3.851074
12:19:53:438,-3.745422
12:19:53:449,-3.628021
12:19:53:461,-3.507935
12:19:53:469,-3.415314
12:19:53:479,-3.333191
12:19:53:489,-3.19519
12:19:53:500,-3.083984
12:19:53:508,-2.988495
12:19:53:520,-2.868713
12:19:53:528,-2.780884
12:19:53:536,-2.699005
12:19:53:545,-2.596283
12:19:53:553,-2.518066
12:19:53:561,-2.431671
12:19:53:570,-2.341095
12:19:53:581,-2.226837
12:19:53:590,-2.134247
12:19:53:599,-2.033173
12:19:53:607,-1.945099
12:19:53:616,-1.857208
12:19:53:623,-1.77002
12:19:53:631,-1.678284
12:19:53:642,-1.567261
12:19:53:650,-1.48761
12:19:53:658,-1.401123
12:19:53:666,-1.313049
12:19:53:673,-1.233948
12:19:53:682,-1.147644
12:19:53:689,-1.064301
12:19:53:698,-0.967926
12:19:53:708,-0.8618774
12:19:53:716,-0.776947
12:19:53:726,-0.6794739
12:19:53:734,-0.5973511
12:19:53:743,-0.515564
12:19:53:750,-0.4353943
12:19:53:760,-0.3378296
12:19:53:768,-0.2583313
12:19:53:776,-0.1771851
12:19:53:785,-0.1091614
12:19:53:792,-0.01898193
12:19:53:804,0.09226608
12:19:53:813,0.1654565
12:19:53:824,0.2867098
12:19:53:831,0.3635983
12:19:53:840,0.4590186
12:19:53:850,0.5459499
12:19:53:858,0.6210359
12:19:53:866,0.7011827
12:19:53:873,0.7729893
12:19:53:884,0.869334
12:19:53:892,0.9532151
12:19:53:900,1.027847
12:19:53:909,1.114173
12:19:53:917,1.187636
12:19:53:927,1.284487
12:19:53:935,1.357003
12:19:53:944,1.439538
12:19:53:951,1.509559
12:19:53:959,1.579545
12:19:53:966,1.651286
12:19:53:974,1.721804
12:19:53:982,1.794109
12:19:53:990,1.873083
12:19:53:998,1.945267
12:19:54:008,2.034495
12:19:54:015,2.110205
12:19:54:026,2.208661
12:19:54:034,2.273517
12:19:54:044,2.3565
12:19:54:052,2.465996
12:19:54:061,2.558388
12:19:54:071,2.664651
12:19:54:078,2.747421
12:19:54:087,2.828718
12:19:54:095,2.918577
12:19:54:104,3.013002
12:19:54:112,3.093371
12:19:54:121,3.177312
12:19:54:132,3.298082
12:19:54:140,3.38128
12:19:54:149,3.485433
12:19:54:157,3.562596
12:19:54:166,3.636502
12:19:54:174,3.733931
12:19:54:184,3.828937
12:19:54:193,3.932625
12:19:54:205,4.053718
12:19:54:217,4.180168
12:19:54:226,4.274378
12:19:54:234,4.361677
12:19:54:243,4.45532
12:19:54:252,4.543587
12:19:54:260,4.62384
12:19:54:268,4.714182
12:19:54:277,4.791734
12:19:54:286,4.888886
12:19:54:294,4.966796
12:19:54:303,5.050332
12:19:54:311,5.128884
12:19:54:319,5.21726
12:19:54:330,5.328245
12:19:54:341,5.431746
12:19:54:349,5.526318
12:19:54:359,5.625734
12:19:54:368,5.726378
12:19:54:377,5.827334
12:19:54:388,5.936956
12:19:54:398,6.041473
12:19:54:406,6.137613
12:19:54:419,6.262628
12:19:54:427,6.365948
12:19:54:437,6.467446
12:19:54:446,6.580009
12:19:54:454,6.679687
12:19:54:465,6.796136
12:19:54:476,6.903444
12:19:54:487,7.048183
12:19:54:495,7.148567
12:19:54:506,7.268031
12:19:54:514,7.375813
12:19:54:524,7.487518
12:19:54:533,7.595385
12:19:54:543,7.70343
12:19:54:551,7.809562
12:19:54:559,7.903253
12:19:54:568,8.018004
12:19:54:579,8.13235
12:19:54:587,8.235154
12:19:54:597,8.342348
12:19:54:608,8.447427
12:19:54:617,8.580684
12:19:54:628,8.699804
12:19:54:636,8.795814
12:19:54:648,8.927984
12:19:54:656,9.025379
12:19:54:666,9.130197
12:19:54:674,9.224939
12:19:54:686,9.334473
12:19:54:695,9.45776
12:19:54:704,9.559837
12:19:54:711,9.635847
12:19:54:723,9.769142
12:19:54:731,9.868638
12:19:54:739,9.960286
12:19:54:749,10.07921
12:19:54:757,10.14834
12:19:54:767,10.26985
12:19:54:774,10.36118
12:19:54:783,10.45493
12:19:54:791,10.53913
12:19:54:801,10.63324
12:19:54:810,10.72143
12:19:54:818,10.79864
12:19:54:826,10.88096
12:19:54:833,10.95226
12:19:54:842,11.02687
12:19:54:850,11.10118
12:19:54:859,11.18029
12:19:54:870,11.28354
12:19:54:878,11.35696
12:19:54:888,11.444
12:19:54:896,11.51788
12:19:54:905,11.5948
12:19:54:913,11.67242
12:19:54:924,11.74997
12:19:54:934,11.8636
12:19:54:941,11.93468
12:19:54:951,12.01911
12:19:54:958,12.08928
12:19:54:966,12.16743
12:19:54:974,12.24167
12:19:54:982,12.31157
12:19:54:992,12.41014
12:19:55:001,12.4892
12:19:55:010,12.56956
12:19:55:018,12.64867
12:19:55:026,12.72177
12:19:55:034,12.80243
12:19:55:042,12.88005
12:19:55:053,12.9768
12:19:55:060,13.04947
12:19:55:069,13.13514
12:19:55:078,13.19757
12:19:55:085,13.28588
12:19:55:093,13.35997
12:19:55:101,13.43076
12:19:55:111,13.52792
12:19:55:119,13.60472
12:19:55:128,13.6895
12:19:55:136,13.76462
12:19:55:144,13.83738
12:19:55:152,13.91318
12:19:55:160,13.98566
12:19:55:169,14.0755
12:19:55:180,14.17386
12:19:55:189,14.2558
12:19:55:198,14.33866
12:19:55:207,14.42101
12:19:55:217,14.50285
12:19:55:225,14.57499
12:19:55:234,14.64822
12:19:55:245,14.74139
12:19:55:253,14.80914
12:19:55:263,14.88782
12:19:55:272,14.95868
12:19:55:281,15.02502
12:19:55:291,15.08412
12:19:55:301,15.16588
12:19:55:313,15.24727
12:19:55:322,15.30984
12:19:55:333,15.372
12:19:55:342,15.42501
12:19:55:351,15.46478
12:19:55:360,15.5248
12:19:55:369,15.57127
12:19:55:380,15.6235
12:19:55:389,15.66522
12:19:55:397,15.70237
12:19:55:407,15.73377
12:19:55:416,15.77304
12:19:55:425,15.79858
12:19:55:434,15.82792
12:19:55:448,15.8593
12:19:55:457,15.87635
12:19:55:468,15.88939
12:19:55:478,15.90321
12:19:55:486,15.91094
12:19:55:495,15.9172
12:19:55:506,15.92198
12:19:55:515,15.92443
12:19:55:524,15.92321
12:19:55:534,15.92062
12:19:55:543,15.91489
12:19:55:553,15.90812
12:19:55:562,15.90038
12:19:55:570,15.89046
12:19:55:578,15.88119
12:19:55:589,15.86595
12:19:55:596,15.85377
12:19:55:609,15.82776
12:19:55:617,15.81082
12:19:55:625,15.78943
12:19:55:635,15.76225
12:19:55:644,15.73659
12:19:55:653,15.70615
12:19:55:662,15.67825
12:19:55:670,15.64757
12:19:55:678,15.61895
12:19:55:686,15.58569
12:19:55:695,15.54983
12:19:55:702,15.51472
12:19:55:710,15.47716
12:19:55:720,15.43335
12:19:55:731,15.37379
12:19:55:739,15.33099
12:19:55:748,15.28115
12:19:55:756,15.23729
12:19:55:764,15.19119
12:19:55:772,15.14295
12:19:55:780,15.09058
12:19:55:792,15.01652
12:19:55:800,14.97336
12:19:55:808,14.91048
12:19:55:816,14.85223
12:19:55:825,14.79525
12:19:55:832,14.74439
12:19:55:841,14.6841
12:19:55:851,14.61117
12:19:55:859,14.55452
12:19:55:867,14.49059
12:19:55:877,14.41773
12:19:55:885,14.35547
12:19:55:893,14.28913
12:19:55:902,14.21728
12:19:55:913,14.12227
12:19:55:923,14.04366
12:19:55:931,13.96315
12:19:55:940,13.88254
12:19:55:948,13.80573
12:19:55:958,13.72166
12:19:55:966,13.64028
12:19:55:978,13.51781
12:19:55:986,13.44433
12:19:55:994,13.3515
12:19:56:003,13.26133
12:19:56:011,13.16211
12:19:56:020,13.07263
12:19:56:028,12.97274
12:19:56:040,12.84676
12:19:56:048,12.73949
12:19:56:057,12.63189
12:19:56:065,12.53409
12:19:56:073,12.43502
12:19:56:081,12.33854
12:19:56:089,12.23321
12:19:56:099,12.1118
12:19:56:110,11.95897
12:19:56:119,11.84151
12:19:56:127,11.73116
12:19:56:136,11.60974
12:19:56:143,11.49246
12:19:56:151,11.37617
12:19:56:160,11.25333
12:19:56:168,11.12126
12:19:56:178,10.98351
12:19:56:187,10.83184
12:19:56:194,10.70831
12:19:56:203,10.56792
12:19:56:211,10.4375
12:19:56:220,10.30092
12:19:56:230,10.14446
12:19:56:239,9.998234
12:19:56:247,9.864158
12:19:56:254,9.747925
12:19:56:262,9.625597
12:19:56:270,9.491129
12:19:56:279,9.349664
12:19:56:289,9.190155
12:19:56:298,9.052368
12:19:56:306,8.909397
12:19:56:313,8.779709
12:19:56:323,8.640781
12:19:56:330,8.501394
12:19:56:339,8.350805
12:19:56:349,8.19535
12:19:56:357,8.059475
12:19:56:365,7.924616
12:19:56:373,7.809084
12:19:56:381,7.641217
12:19:56:390,7.503001
12:19:56:399,7.359151
12:19:56:406,7.224875
12:19:56:417,7.044959
12:19:56:424,6.909822
12:19:56:433,6.772657
12:19:56:442,6.6262
12:19:56:451,6.465377
12:19:56:462,6.269311
12:19:56:472,6.1004
12:19:56:483,5.921455
12:19:56:492,5.762746
12:19:56:502,5.630334
12:19:56:512,5.41869
12:19:56:522,5.265205
12:19:56:531,5.11911
12:19:56:541,4.965093
12:19:56:552,4.813419
12:19:56:563,4.630239
12:19:56:572,4.481214
12:19:56:583,4.328299
12:19:56:590,4.198895
12:19:56:602,4.039594
12:19:56:611,3.894715
12:19:56:622,3.732949
12:19:56:631,3.600002
12:19:56:642,3.456818
12:19:56:650,3.331026
12:19:56:660,3.193986
12:19:56:668,3.068366
12:19:56:679,2.925614
12:19:56:688,2.79824
12:19:56:696,2.682111
12:19:56:706,2.550777
12:19:56:715,2.450602
12:19:56:724,2.301621
12:19:56:736,2.14142
12:19:56:750,1.96372
12:19:56:759,1.843035
12:19:56:771,1.680234
12:19:56:781,1.555616
12:19:56:790,1.441419
12:19:56:799,1.323034
12:19:56:808,1.20831
12:19:56:818,1.093207
12:19:56:827,0.9717414
12:19:56:837,0.8537108
12:19:56:845,0.7442776
12:19:56:853,0.6626232
12:19:56:863,0.5245045
12:19:56:872,0.4192946
12:19:56:880,0.31571
12:19:56:888,0.2165398
12:19:56:896,0.1208514
12:19:56:906,-0.007629395
12:19:56:915,-0.1022949
12:19:56:924,-0.2050781
12:19:56:933,-0.2998657
12:19:56:941,-0.3761597
12:19:56:949,-0.4914246
12:19:56:958,-0.5853271
12:19:56:968,-0.711731
12:19:56:976,-0.8051147
12:19:56:986,-0.91745
12:19:56:994,-1.011505
12:19:57:003,-1.113892
12:19:57:010,-1.209503
12:19:57:019,-1.302124
12:19:57:028,-1.422974
12:19:57:037,-1.514954
12:19:57:046,-1.624054
12:19:57:053,-1.711731
12:19:57:063,-1.811615
12:19:57:070,-1.900421
12:19:57:079,-1.997314
12:19:57:087,-2.102936
12:19:57:096,-2.192169
12:19:57:105,-2.298126
12:19:57:113,-2.370636
12:19:57:121,-2.477753
12:19:57:128,-2.566742
12:19:57:137,-2.660797
12:19:57:145,-2.761536
12:19:57:156,-2.860291
12:19:57:167,-3.00119
12:19:57:175,-3.092682
12:19:57:184,-3.176819
12:19:57:193,-3.296265
12:19:57:201,-3.385498
12:19:57:209,-3.472412
12:19:57:220,-3.590942
12:19:57:228,-3.691071
12:19:57:236,-3.779938
12:19:57:245,-3.881683
12:19:57:253,-3.970398
12:19:57:262,-4.066742
12:19:57:270,-4.158447
12:19:57:281,-4.269257
12:19:57:289,-4.358673
12:19:57:298,-4.449066
12:19:57:307,-4.545715
12:19:57:315,-4.633698
12:19:57:323,-4.71991
12:19:57:331,-4.789001
12:19:57:341,-4.913086
12:19:57:350,-4.999237
12:19:57:357,-5.079285
12:19:57:367,-5.179199
12:19:57:375,-5.269531
12:19:57:383,-5.350067
12:19:57:392,-5.432892
12:19:57:403,-5.537201
12:19:57:411,-5.60025
12:19:57:418,-5.690582
12:19:57:427,-5.777374
12:19:57:436,-5.841797
12:19:57:445,-5.932983
12:19:57:452,-6.008911
12:19:57:461,-6.087006
12:19:57:469,-6.16156
12:19:57:477,-6.230865
12:19:57:486,-6.311401
12:19:57:495,-6.384399
12:19:57:503,-6.454132
12:19:57:511,-6.526642
12:19:57:519,-6.597443
12:19:57:530,-6.696198
12:19:57:538,-6.758881
12:19:57:545,-6.825256
12:19:57:553,-6.878204
12:19:57:562,-6.95639
12:19:57:571,-7.028717
12:19:57:579,-7.092896
12:19:57:590,-7.17569
12:19:57:598,-7.226898
12:19:57:606,-7.298615
12:19:57:614,-7.362061
12:19:57:622,-7.422394
12:19:57:630,-7.484192
12:19:57:639,-7.540436
12:19:57:647,-7.587128
12:19:57:655,-7.655029
12:19:57:664,-7.708588
12:19:57:672,-7.762421
12:19:57:680,-7.815857
12:19:57:689,-7.876099
12:19:57:697,-7.926941
12:19:57:705,-7.97702
12:19:57:715,-8.042328
12:19:57:722,-8.092468
12:19:57:732,-8.154022
12:19:57:741,-8.20929
12:19:57:753,-8.284515
12:19:57:761,-8.335571
12:19:57:772,-8.408142
12:19:57:780,-8.456757
12:19:57:788,-8.500885
12:19:57:798,-8.572418
12:19:57:806,-8.624786
12:19:57:814,-8.670349
12:19:57:822,-8.729126
12:19:57:833,-8.7995
12:19:57:842,-8.855499
12:19:57:852,-8.920288
12:19:57:861,-8.972168
12:19:57:869,-9.028717
12:19:57:878,-9.077087
12:19:57:886,-9.127319
12:19:57:896,-9.186127
12:19:57:903,-9.234955
12:19:57:913,-9.297028
12:19:57:921,-9.343231
12:19:57:932,-9.40387
12:19:57:940,-9.455261
12:19:57:947,-9.50293
12:19:57:957,-9.542114
12:19:57:965,-9.611572
12:19:57:974,-9.666351
12:19:57:982,-9.711456
12:19:57:990,-9.760712
12:19:57:999,-9.812134
12:19:58:008,-9.861938
12:19:58:019,-9.905853
12:19:58:027,-9.960236
12:19:58:036,-10.01636
12:19:58:046,-10.07578
12:19:58:055,-10.12201
12:19:58:063,-10.16486
12:19:58:072,-10.20917
12:19:58:080,-10.25598
12:19:58:087,-10.29556
12:19:58:096,-10.33432
12:19:58:106,-10.38342
12:19:58:115,-10.43076
12:19:58:123,-10.47131
12:19:58:131,-10.51151
12:19:58:139,-10.54904
12:19:58:147,-10.58627
12:19:58:157,-10.63443
12:19:58:167,-10.68445
12:19:58:176,-10.72208
12:19:58:183,-10.75848
12:19:58:193,-10.78845
12:19:58:202,-10.83984
12:19:58:210,-10.875
12:19:58:220,-10.90927
12:19:58:229,-10.95309
12:19:58:236,-10.98224
12:19:58:245,-11.01346
12:19:58:253,-11.04251
12:19:58:262,-11.07254
12:19:58:271,-11.0994
12:19:58:280,-11.13251
12:19:58:289,-11.15997
12:19:58:296,-11.18524
12:19:58:305,-11.21045
12:19:58:314,-11.2363
12:19:58:322,-11.25861
12:19:58:330,-11.28018
12:19:58:339,-11.30173
12:19:58:349,-11.32703
12:19:58:357,-11.34149
12:19:58:365,-11.36118
12:19:58:375,-11.38058
12:19:58:384,-11.39731
12:19:58:392,-11.41327
12:19:58:401,-11.42761
12:19:58:411,-11.4436
12:19:58:419,-11.45432
12:19:58:428,-11.46512
12:19:58:436,-11.47485
12:19:58:445,-11.48373
12:19:58:455,-11.48889
12:19:58:463,-11.49606
12:19:58:477,-11.50174
12:19:58:485,-11.50232
12:19:58:495,-11.50165
12:19:58:504,-11.50009
12:19:58:513,-11.49631
12:19:58:521,-11.49265
12:19:58:531,-11.48932
12:19:58:540,-11.48337
12:19:58:547,-11.47861
12:19:58:556,-11.47324
12:19:58:564,-11.46698
12:19:58:572,-11.46085
12:19:58:580,-11.45349
12:19:58:587,-11.44562
12:19:58:598,-11.4325
12:19:58:607,-11.42078
12:19:58:616,-11.40686
12:19:58:623,-11.39273
12:19:58:633,-11.37637
12:19:58:641,-11.36197
12:19:58:651,-11.34146
12:19:58:660,-11.31931
12:19:58:667,-11.30063
12:19:58:675,-11.27896
12:19:58:683,-11.25543
12:19:58:691,-11.2334
12:19:58:699,-11.20541
12:19:58:709,-11.17249
12:19:58:719,-11.13715
12:19:58:727,-11.10046
12:19:58:736,-11.0675
12:19:58:746,-11.02444
12:19:58:754,-10.98849
12:19:58:764,-10.94354
12:19:58:776,-10.88901
12:19:58:783,-10.84674
12:19:58:792,-10.80621
12:19:58:800,-10.76291
12:19:58:809,-10.71619
12:19:58:818,-10.66812
12:19:58:826,-10.61713
12:19:58:838,-10.55112
12:19:58:846,-10.49951
12:19:58:854,-10.45154
12:19:58:863,-10.3956
12:19:58:870,-10.34109
12:19:58:880,-10.27478
12:19:58:889,-10.21762
12:19:58:898,-10.15094
12:19:58:906,-10.10345
12:19:58:914,-10.02789
12:19:58:922,-9.969055
12:19:58:931,-9.895721
12:19:58:943,-9.801514
12:19:58:950,-9.735168
12:19:58:959,-9.65741
12:19:58:969,-9.563446
12:19:58:979,-9.478333
12:19:58:987,-9.397614
12:19:58:996,-9.316559
12:19:59:004,-9.235352
12:19:59:012,-9.154175
12:19:59:024,-9.05307
12:19:59:032,-8.939148
12:19:59:042,-8.837036
12:19:59:050,-8.738678
12:19:59:059,-8.621704
12:19:59:068,-8.510071
12:19:59:076,-8.411713
12:19:59:087,-8.295349
12:19:59:096,-8.177612
12:19:59:103,-8.074524
12:19:59:111,-7.968475
12:19:59:120,-7.854645
12:19:59:128,-7.740143
12:19:59:136,-7.639557
12:19:59:145,-7.525116
12:19:59:153,-7.394836
12:19:59:164,-7.251495
12:19:59:171,-7.164978
12:19:59:181,-7.016632
12:19:59:188,-6.900452
12:19:59:197,-6.791443
12:19:59:205,-6.659698
12:19:59:216,-6.51062
12:19:59:224,-6.385742
12:19:59:232,-6.261108
12:19:59:243,-6.111725
12:19:59:251,-5.986328
12:19:59:259,-5.8685
12:19:59:270,-5.697662
12:19:59:278,-5.580688
12:19:59:289,-5.421356
12:19:59:298,-5.28537
12:19:59:306,-5.15979
12:19:59:315,-5.040192
12:19:59:324,-4.904266
12:19:59:332,-4.797424
12:19:59:340,-4.643982
12:19:59:348,-4.51886
12:19:59:359,-4.356506
12:19:59:367,-4.224915
12:19:59:375,-4.107239
12:19:59:384,-3.99881
12:19:59:392,-3.838593
12:19:59:402,-3.686859
12:19:59:412,-3.537415
12:19:59:422,-3.385773
12:19:59:430,-3.280579
12:19:59:438,-3.129639
12:19:59:447,-2.999939
12:19:59:454,-2.878967
12:19:59:463,-2.762115
12:19:59:472,-2.602081
12:19:59:481,-2.484772
12:19:59:491,-2.367676
12:19:59:499,-2.220459
12:19:59:507,-2.1185
12:19:59:515,-1.982941
12:19:59:524,-1.84964
12:19:59:533,-1.720551
12:19:59:546,-1.552307
12:19:59:553,-1.441803
12:19:59:562,-1.323944
12:19:59:570,-1.209595
12:19:59:579,-1.108002
12:19:59:587,-0.9984131
12:19:59:595,-0.9000549
12:19:59:607,-0.7430725
12:19:59:613,-0.6542358
12:19:59:623,-0.5272827
12:19:59:632,-0.4247742
12:19:59:639,-0.3412476
12:19:59:648,-0.2232666
12:19:59:657,-0.115387
12:19:59:666,0.006394658
12:19:59:675,0.09879754
12:19:59:680,0.1821599
12:19:59:690,0.2701629
12:19:59:697,0.3799579
12:19:59:707,0.4858386
12:19:59:717,0.5685087
12:19:59:725,0.7103164
12:19:59:733,0.7843028
12:19:59:742,0.8943605
12:19:59:750,0.9918062
12:19:59:758,1.078102
12:19:59:770,1.217309
12:19:59:780,1.321173
12:19:59:787,1.423514
12:19:59:797,1.516251
12:19:59:804,1.61394
12:19:59:813,1.708085
12:19:59:821,1.799402
12:19:59:830,1.909735
12:19:59:840,2.020696
12:19:59:852,2.159474
12:19:59:860,2.266445
12:19:59:871,2.38358
12:19:59:880,2.474265
12:19:59:888,2.59077
12:19:59:896,2.691462
12:19:59:906,2.819104
12:19:59:919,2.96735
12:19:59:929,3.08746
12:19:59:937,3.194661
12:19:59:948,3.321185
12:19:59:956,3.429963
12:19:59:968,3.57589
12:19:59:977,3.689012
12:19:59:988,3.831228
12:19:59:998,3.95256
12:20:00:008,4.073811
12:20:00:019,4.214366
12:20:00:029,4.347915
12:20:00:038,4.462979
12:20:00:049,4.600956
12:20:00:059,4.712853
12:20:00:068,4.839578
12:20:00:078,4.944389
12:20:00:088,5.089599
12:20:00:096,5.190265
12:20:00:105,5.308634
12:20:00:117,5.443929
12:20:00:126,5.565598
12:20:00:135,5.672015
12:20:00:144,5.768464
12:20:00:153,5.899477
12:20:00:162,5.990034
12:20:00:172,6.132577
12:20:00:180,6.229249
12:20:00:191,6.365284
12:20:00:199,6.45315
12:20:00:208,6.571228
12:20:00:217,6.670223
12:20:00:225,6.768632
12:20:00:233,6.864837
12:20:00:241,6.956386
12:20:00:251,7.077527
12:20:00:259,7.166929
12:20:00:269,7.274409
12:20:00:278,7.370021
12:20:00:286,7.467606
12:20:00:294,7.556454
12:20:00:302,7.643083
12:20:00:311,7.754673
12:20:00:320,7.846361
12:20:00:330,7.955699
12:20:00:337,8.039567
12:20:00:346,8.139796
12:20:00:354,8.231734
12:20:00:363,8.32047
12:20:00:374,8.445379
12:20:00:385,8.558774
12:20:00:393,8.651201
12:20:00:402,8.73842
12:20:00:412,8.846169
12:20:00:420,8.937019
12:20:00:430,9.035458
12:20:00:438,9.121148
12:20:00:449,9.239953
12:20:00:457,9.32438
12:20:00:467,9.424203
12:20:00:474,9.503148
12:20:00:482,9.585577
12:20:00:491,9.683228
12:20:00:499,9.759713
12:20:00:511,9.891328
12:20:00:520,9.958329
12:20:00:527,10.05649
12:20:00:535,10.13217
12:20:00:544,10.22278
12:20:00:553,10.30712
12:20:00:561,10.36767
12:20:00:573,10.49856
12:20:00:581,10.57059
12:20:00:591,10.67725
12:20:00:602,10.76584
12:20:00:612,10.86745
12:20:00:619,10.94322
12:20:00:627,11.02127
12:20:00:636,11.10432
12:20:00:644,11.18038
12:20:00:654,11.26924
12:20:00:663,11.364
12:20:00:674,11.46234
12:20:00:683,11.53528
12:20:00:690,11.6087
12:20:00:699,11.68051
12:20:00:707,11.74375
12:20:00:715,11.82069
12:20:00:725,11.90761
12:20:00:735,11.98469
12:20:00:742,12.04861
12:20:00:752,12.13047
12:20:00:762,12.20177
12:20:00:770,12.26999
12:20:00:778,12.33413
12:20:00:788,12.41521
12:20:00:796,12.47411
12:20:00:804,12.53834
12:20:00:814,12.60757
12:20:00:822,12.66333
12:20:00:830,12.72155
12:20:00:838,12.7836
12:20:00:848,12.85376
12:20:00:856,12.90746
12:20:00:865,12.96579
12:20:00:874,13.02612
12:20:00:882,13.07579
12:20:00:889,13.12235
12:20:00:899,13.18125
12:20:00:908,13.23501
12:20:00:917,13.2797
12:20:00:925,13.32943
12:20:00:934,13.38097
12:20:00:941,13.42216
12:20:00:950,13.46784
12:20:00:958,13.51213
12:20:00:967,13.55813
12:20:00:980,13.62098
12:20:00:987,13.66014
12:20:00:997,13.70636
12:20:01:004,13.74472
12:20:01:012,13.78113
12:20:01:020,13.8204
12:20:01:029,13.86087
12:20:01:041,13.91085
12:20:01:049,13.94626
12:20:01:057,13.98336
12:20:01:065,14.01585
12:20:01:073,14.04934
12:20:01:081,14.0811
12:20:01:089,14.11409
12:20:01:099,14.15186
12:20:01:107,14.18641
12:20:01:117,14.22036
12:20:01:124,14.24949
12:20:01:132,14.27718
12:20:01:139,14.30639
12:20:01:147,14.33478
12:20:01:158,14.37173
12:20:01:166,14.39733
12:20:01:175,14.42781
12:20:01:185,14.45618
12:20:01:193,14.47951
12:20:01:201,14.50326
12:20:01:209,14.52649
12:20:01:220,14.55184
12:20:01:228,14.57397
12:20:01:237,14.58973
12:20:01:245,14.61618
12:20:01:252,14.6321
12:20:01:260,14.65587
12:20:01:268,14.67462
12:20:01:276,14.68912
12:20:01:287,14.72083
12:20:01:294,14.73817
12:20:01:302,14.75678
12:20:01:310,14.77641
12:20:01:318,14.79693
12:20:01:326,14.81236
12:20:01:335,14.8359
12:20:01:343,14.85852
12:20:01:351,14.87901
12:20:01:360,14.90291
12:20:01:368,14.92412
12:20:01:378,14.95005
12:20:01:385,14.97206
12:20:01:393,14.99477
12:20:01:401,15.0181
12:20:01:412,15.04867
12:20:01:421,15.07429
12:20:01:430,15.10045
12:20:01:440,15.12945
12:20:01:449,15.15534
12:20:01:459,15.18542
12:20:01:468,15.21354
12:20:01:477,15.23965
12:20:01:484,15.26445
12:20:01:494,15.29365
12:20:01:502,15.31923
12:20:01:511,15.34778
12:20:01:521,15.37816
12:20:01:531,15.40905
12:20:01:541,15.44257
12:20:01:550,15.47426
12:20:01:561,15.50899
12:20:01:570,15.53969
12:20:01:578,15.56631
12:20:01:586,15.5963
12:20:01:595,15.62962
12:20:01:604,15.66079
12:20:01:611,15.68987
12:20:01:620,15.72089
12:20:01:629,15.75286
12:20:01:637,15.77899
12:20:01:646,15.80811
12:20:01:654,15.84008
12:20:01:664,15.87526
12:20:01:673,15.90293
12:20:01:681,15.93167
12:20:01:690,15.96018
12:20:01:698,15.98702
12:20:01:707,16.01495
12:20:01:714,16.03879
12:20:01:722,16.06397
12:20:01:732,16.09492
12:20:01:743,16.12777
12:20:01:751,16.15346
12:20:01:761,16.18184
12:20:01:770,16.20382
12:20:01:778,16.23328
12:20:01:788,16.26182
12:20:01:798,16.2874
12:20:01:806,16.30975
12:20:01:814,16.33023
12:20:01:823,16.34955
12:20:01:831,16.36648
12:20:01:840,16.38224
12:20:01:848,16.40417
12:20:01:860,16.4276
12:20:01:869,16.44384
12:20:01:880,16.46045
12:20:01:888,16.4703
12:20:01:896,16.47959
12:20:01:904,16.48515
12:20:01:911,16.48995
12:20:01:920,16.49144
12:20:01:929,16.49031
12:20:01:939,16.4872
12:20:01:947,16.48201
12:20:01:955,16.47644
12:20:01:964,16.46616
12:20:01:972,16.45472
12:20:01:979,16.44166
12:20:01:988,16.42472
12:20:01:998,16.40219
12:20:02:006,16.37666
12:20:02:015,16.35249
12:20:02:025,16.31919
12:20:02:034,16.28765
12:20:02:043,16.25213
12:20:02:051,16.21998
12:20:02:060,16.18367
12:20:02:071,16.13564
12:20:02:080,16.10172
12:20:02:088,16.05542
12:20:02:097,16.01557
12:20:02:106,15.97104
12:20:02:115,15.92496
12:20:02:126,15.88856
12:20:02:136,15.81605
12:20:02:145,15.76946
12:20:02:154,15.72216
12:20:02:164,15.67187
12:20:02:172,15.62718
12:20:02:180,15.59115
12:20:02:188,15.55024
12:20:02:198,15.50536
12:20:02:207,15.46974
12:20:02:215,15.43894
12:20:02:224,15.40523
12:20:02:232,15.37599
12:20:02:240,15.35497
12:20:02:248,15.32106
12:20:02:258,15.28481
12:20:02:266,15.24832
12:20:02:274,15.21865
12:20:02:282,15.18165
12:20:02:291,15.14267
12:20:02:299,15.10509
12:20:02:307,15.06447
12:20:02:314,15.02391
12:20:02:327,14.95592
12:20:02:335,14.90944
12:20:02:345,14.85508
12:20:02:352,14.81882
12:20:02:360,14.76631
12:20:02:368,14.71914
12:20:02:376,14.67009
12:20:02:389,14.58904
12:20:02:397,14.54204
12:20:02:406,14.48533
12:20:02:414,14.43605
12:20:02:422,14.37938
12:20:02:431,14.32559
12:20:02:440,14.26155
12:20:02:448,14.202
12:20:02:456,14.14303
12:20:02:464,14.08192
12:20:02:472,14.02601
12:20:02:479,13.96952
12:20:02:488,13.90685
12:20:02:496,13.85032
12:20:02:508,13.74426
12:20:02:517,13.68
12:20:02:526,13.60075
12:20:02:534,13.53255
12:20:02:542,13.47013
12:20:02:550,13.40553
12:20:02:561,13.34539
12:20:02:569,13.24545
12:20:02:577,13.18011
12:20:02:587,13.10476
12:20:02:595,13.02545
12:20:02:604,12.96018
12:20:02:612,12.88832
12:20:02:619,12.82457
12:20:02:630,12.72297
12:20:02:639,12.65043
12:20:02:648,12.56847
12:20:02:656,12.51084
12:20:02:664,12.42763
12:20:02:672,12.3563
12:20:02:680,12.28322
12:20:02:690,12.19251
12:20:02:698,12.12189
12:20:02:707,12.04043
12:20:02:715,11.96192
12:20:02:723,11.89106
12:20:02:731,11.82054
12:20:02:739,11.7501
12:20:02:747,11.67247
12:20:02:758,11.57596
12:20:02:768,11.49766
12:20:02:775,11.43355
12:20:02:784,11.35648
12:20:02:797,11.24435
12:20:02:805,11.17915
12:20:02:813,11.10144
12:20:02:824,11.01274
12:20:02:832,10.94152
12:20:02:840,10.86855
12:20:02:849,10.78511
12:20:02:857,10.71916
12:20:02:866,10.64441
12:20:02:874,10.56994
12:20:02:883,10.48722
12:20:02:893,10.39874
12:20:02:900,10.34555
12:20:02:908,10.25942
12:20:02:916,10.19413
12:20:02:924,10.13594
12:20:02:932,10.04803
12:20:02:940,9.977906
12:20:02:953,9.860194
12:20:02:961,9.78926
12:20:02:970,9.704823
12:20:02:977,9.642878
12:20:02:986,9.555118
12:20:02:994,9.476274
12:20:03:003,9.398575
12:20:03:013,9.296387
12:20:03:021,9.219879
12:20:03:031,9.126612
12:20:03:040,9.043663
12:20:03:048,8.963315
12:20:03:056,8.900845
12:20:03:065,8.808896
12:20:03:075,8.71039
12:20:03:083,8.626847
12:20:03:092,8.539217
12:20:03:101,8.462041
12:20:03:108,8.380747
12:20:03:117,8.301851
12:20:03:124,8.234474
12:20:03:132,8.128702
12:20:03:145,7.999892
12:20:03:156,7.898978
12:20:03:169,7.77538
12:20:03:178,7.666605
12:20:03:188,7.564588
12:20:03:197,7.472965
12:20:03:207,7.376812
12:20:03:215,7.292881
12:20:03:223,7.210175
12:20:03:235,7.09586
12:20:03:245,6.994567
12:20:03:255,6.90217
12:20:03:265,6.807618
12:20:03:274,6.731904
12:20:03:283,6.616508
12:20:03:295,6.507364
12:20:03:303,6.4223
12:20:03:314,6.327367
12:20:03:322,6.249893
12:20:03:331,6.163047
12:20:03:339,6.080653
12:20:03:348,5.997328
12:20:03:357,5.923467
12:20:03:367,5.822524
12:20:03:377,5.74818
12:20:03:385,5.671498
12:20:03:396,5.573765
12:20:03:405,5.503767
12:20:03:415,5.42029
12:20:03:428,5.339805
12:20:03:436,5.242108
12:20:03:445,5.164571
12:20:03:454,5.087367
12:20:03:463,5.020878
12:20:03:472,4.946963
12:20:03:482,4.872602
12:20:03:493,4.796393
12:20:03:501,4.720126
12:20:03:510,4.64838
12:20:03:519,4.588452
12:20:03:528,4.525524
12:20:03:538,4.456411
12:20:03:545,4.403214
12:20:03:552,4.349545
12:20:03:560,4.297129
12:20:03:570,4.218742
12:20:03:580,4.155602
12:20:03:589,4.094903
12:20:03:598,4.034205
12:20:03:606,3.981871
12:20:03:615,3.936879
12:20:03:624,3.867825
12:20:03:636,3.784869
12:20:03:644,3.732901
12:20:03:652,3.682628
12:20:03:661,3.625707
12:20:03:670,3.572091
12:20:03:679,3.529358
12:20:03:689,3.458204
12:20:03:699,3.392535
12:20:03:707,3.342694
12:20:03:714,3.304653
12:20:03:722,3.241676
12:20:03:731,3.18857
12:20:03:741,3.13158
12:20:03:750,3.082854
12:20:03:760,3.024737
12:20:03:767,2.976173
12:20:03:778,2.917756
12:20:03:788,2.870019
12:20:03:796,2.825279
12:20:03:805,2.779752
12:20:03:815,2.734585
12:20:03:822,2.694516
12:20:03:830,2.655892
12:20:03:841,2.611225
12:20:03:848,2.580464
12:20:03:858,2.535339
12:20:03:867,2.497924
12:20:03:878,2.459279
12:20:03:886,2.423468
12:20:03:894,2.397179
12:20:03:903,2.37227
12:20:03:910,2.350112
12:20:03:920,2.325622
12:20:03:928,2.307368
12:20:03:936,2.289132
12:20:03:945,2.27291
12:20:03:953,2.259537
12:20:03:961,2.247004
12:20:03:970,2.236053
12:20:03:979,2.225635
12:20:03:986,2.216414
12:20:03:996,2.208805
12:20:04:005,2.202384
12:20:04:013,2.197991
12:20:04:021,2.193444
12:20:04:030,2.190583
12:20:04:039,2.188899
12:20:04:046,2.187193
12:20:04:054,2.187411
12:20:04:065,2.190127
12:20:04:072,2.192036
12:20:04:082,2.19398
12:20:04:090,2.195739
12:20:04:099,2.198602
12:20:04:106,2.201429
12:20:04:115,2.204632
12:20:04:126,2.209529
12:20:04:134,2.213648
12:20:04:143,2.219359
12:20:04:150,2.225016
12:20:04:160,2.232839
12:20:04:168,2.239396
12:20:04:176,2.246351
12:20:04:185,2.254599
12:20:04:194,2.263594
12:20:04:204,2.272675
12:20:04:212,2.281175
12:20:04:221,2.288609
12:20:04:229,2.296075
12:20:04:238,2.301779
12:20:04:247,2.307223
12:20:04:254,2.311946
12:20:04:263,2.316319
12:20:04:271,2.319381
12:20:04:279,2.323991
12:20:04:287,2.328768
12:20:04:295,2.334566
12:20:04:304,2.341396
12:20:04:313,2.349193
12:20:04:322,2.356258
12:20:04:331,2.363516
12:20:04:339,2.367236
12:20:04:347,2.376208
12:20:04:354,2.383061
12:20:04:365,2.39232
12:20:04:374,2.4001
12:20:04:383,2.406812
12:20:04:392,2.410814
12:20:04:401,2.416094
12:20:04:410,2.419791
12:20:04:417,2.422035
12:20:04:426,2.425143
12:20:04:438,2.430041
12:20:04:447,2.434147
12:20:04:460,2.439415
12:20:04:468,2.442626
12:20:04:476,2.444649
12:20:04:484,2.445928
12:20:04:492,2.44618
12:20:04:500,2.445263
12:20:04:508,2.444506
12:20:04:516,2.442879
12:20:04:527,2.441196
12:20:04:535,2.439804
12:20:04:544,2.437596
12:20:04:552,2.436613
12:20:04:559,2.434866
12:20:04:568,2.433283
12:20:04:576,2.431443
12:20:04:587,2.429726
12:20:04:595,2.428449
12:20:04:604,2.426063
12:20:04:613,2.423845
12:20:04:622,2.422117
12:20:04:630,2.419764
12:20:04:638,2.419124
12:20:04:648,2.417889
12:20:04:657,2.417146
12:20:04:665,2.416518
12:20:04:676,2.415084
12:20:04:686,2.414377
12:20:04:693,2.413447
12:20:04:703,2.412492
12:20:04:713,2.410405
12:20:04:721,2.410142
12:20:04:729,2.409611
12:20:04:738,2.409373
12:20:04:748,2.409963
12:20:04:755,2.409019
12:20:04:767,2.409102
12:20:04:779,2.409483
12:20:04:787,2.409575
12:20:04:795,2.409854
12:20:04:804,2.411465
12:20:04:812,2.41365
12:20:04:821,2.415244
12:20:04:829,2.417824
12:20:04:838,2.420592
12:20:04:849,2.423156
12:20:04:858,2.42469
12:20:04:866,2.425725
12:20:04:876,2.426263
12:20:04:884,2.426328
12:20:04:892,2.424805
12:20:04:902,2.424277
12:20:04:911,2.423587
12:20:04:919,2.423177
12:20:04:928,2.423922
12:20:04:936,2.424932
12:20:04:946,2.425605
12:20:04:956,2.427001
12:20:04:964,2.426281
12:20:04:972,2.425148
12:20:04:980,2.424579
12:20:04:989,2.424698
12:20:04:997,2.424651
12:20:05:006,2.425865
12:20:05:017,2.425868
12:20:05:023,2.427441
12:20:05:033,2.42696
12:20:05:041,2.428177
12:20:05:050,2.427931
12:20:05:058,2.427168
12:20:05:068,2.427829
12:20:05:077,2.427088
12:20:05:090,2.425225
12:20:05:099,2.424489
12:20:05:106,2.423335
12:20:05:119,2.422327
12:20:05:129,2.420304
12:20:05:138,2.417751
12:20:05:150,2.414624
12:20:05:159,2.41194
12:20:05:168,2.410415
12:20:05:178,2.408186
12:20:05:187,2.407223
12:20:05:197,2.405837
12:20:05:205,2.404716
12:20:05:215,2.402358
12:20:05:223,2.402809
12:20:05:232,2.402043
12:20:05:239,2.402511
12:20:05:248,2.401596
12:20:05:257,2.40278
12:20:05:265,2.402656
12:20:05:275,2.401285
12:20:05:284,2.400579
12:20:05:292,2.399811
12:20:05:301,2.398284
12:20:05:310,2.397331
12:20:05:317,2.396938
12:20:05:326,2.396106
12:20:05:334,2.395908
12:20:05:344,2.394454
12:20:05:353,2.394307
12:20:05:360,2.393826
12:20:05:370,2.392957
12:20:05:379,2.392333
12:20:05:386,2.391098
12:20:05:395,2.389579
12:20:05:405,2.386261
12:20:05:415,2.382031
12:20:05:422,2.378614
12:20:05:431,2.373111
12:20:05:440,2.368205
12:20:05:447,2.362759
12:20:05:455,2.357434
12:20:05:463,2.349937
12:20:05:473,2.340848
12:20:05:483,2.33241
12:20:05:492,2.323786
12:20:05:500,2.317152
12:20:05:508,2.310287
12:20:05:516,2.305638
12:20:05:524,2.301102
12:20:05:534,2.298716
12:20:05:542,2.295287
12:20:05:552,2.29229
12:20:05:560,2.290135
12:20:05:567,2.288274
12:20:05:575,2.285171
12:20:05:584,2.283166
12:20:05:595,2.281168
12:20:05:602,2.280391
12:20:05:618,2.279773
12:20:05:627,2.277624
12:20:05:635,2.276166
12:20:05:643,2.275248
12:20:05:654,2.274543
12:20:05:662,2.273813
12:20:05:671,2.274087
12:20:05:680,2.274728
12:20:05:688,2.276384
12:20:05:697,2.277111
12:20:05:705,2.279426
12:20:05:714,2.281435
12:20:05:726,2.283708
12:20:05:735,2.286076
12:20:05:746,2.287605
12:20:05:755,2.289121
12:20:05:763,2.29116
12:20:05:773,2.294033
12:20:05:780,2.295836
12:20:05:788,2.298912
12:20:05:796,2.30325
12:20:05:808,2.308898
12:20:05:819,2.314664
12:20:05:826,2.318427
12:20:05:836,2.324594
12:20:05:843,2.32935
12:20:05:851,2.336157
12:20:05:859,2.343345
12:20:05:869,2.352623
12:20:05:877,2.358954
12:20:05:886,2.366269
12:20:05:895,2.372899
12:20:05:902,2.377417
12:20:05:911,2.382236
12:20:05:919,2.38792
12:20:05:930,2.39476
12:20:05:938,2.400421
12:20:05:946,2.404682
12:20:05:955,2.408789
12:20:05:964,2.413065
12:20:05:971,2.416888
12:20:05:979,2.419657
12:20:05:991,2.424058
12:20:05:999,2.427402
12:20:06:008,2.43011
12:20:06:022,2.435539
12:20:06:029,2.437732
12:20:06:038,2.439118
12:20:06:048,2.440326
12:20:06:058,2.440599
12:20:06:068,2.440981
12:20:06:079,2.441016
12:20:06:086,2.441976
12:20:06:097,2.441198
12:20:06:105,2.440779
12:20:06:117,2.440039
12:20:06:124,2.439374
12:20:06:133,2.439598
12:20:06:140,2.4391
12:20:06:148,2.439036
12:20:06:158,2.439026
12:20:06:169,2.439525
12:20:06:179,2.439227
12:20:06:187,2.437826
12:20:06:197,2.43822
12:20:06:206,2.438379
12:20:06:215,2.438802
12:20:06:223,2.438768
12:20:06:232,2.439569
12:20:06:241,2.439828
12:20:06:249,2.439885
12:20:06:256,2.440498
12:20:06:267,2.440893
12:20:06:275,2.442338
12:20:06:284,2.441751
12:20:06:292,2.4418
12:20:06:301,2.441844
12:20:06:310,2.442462
12:20:06:321,2.443276
12:20:06:328,2.443634
12:20:06:337,2.443271
12:20:06:345,2.443871
12:20:06:353,2.444381
12:20:06:364,2.446092
12:20:06:371,2.446758
12:20:06:381,2.447078
12:20:06:390,2.447658
12:20:06:400,2.445512
12:20:06:408,2.444589
12:20:06:418,2.443698
12:20:06:426,2.44155
12:20:06:433,2.437743
12:20:06:442,2.434067
12:20:06:450,2.431023
12:20:06:461,2.423017
12:20:06:470,2.418128
12:20:06:480,2.413604
12:20:06:492,2.409524
12:20:06:502,2.40864
12:20:06:511,2.410373
12:20:06:522,2.412721
12:20:06:532,2.415043
12:20:06:542,2.418377
12:20:06:552,2.422064
12:20:06:563,2.426774
12:20:06:571,2.431436
12:20:06:582,2.435535
12:20:06:591,2.438361
12:20:06:603,2.443264
12:20:06:610,2.444241
12:20:06:624,2.444871
12:20:06:633,2.444795
12:20:06:643,2.442931
12:20:06:652,2.441465
12:20:06:661,2.440239
12:20:06:670,2.439781
12:20:06:679,2.44
12:20:06:691,2.440935
12:20:06:700,2.442232
12:20:06:711,2.442535
12:20:06:721,2.442852
12:20:06:732,2.443935
12:20:06:743,2.443971
12:20:06:753,2.444682
12:20:06:764,2.44383
12:20:06:773,2.443366
12:20:06:783,2.443229
12:20:06:792,2.442971
12:20:06:802,2.442487
12:20:06:812,2.443388
12:20:06:823,2.443589
12:20:06:835,2.443488
12:20:06:843,2.442784
12:20:06:853,2.44215
12:20:06:863,2.442106
12:20:06:871,2.442167
12:20:06:879,2.442039
12:20:06:888,2.441934
12:20:06:897,2.44243
12:20:06:906,2.443302
12:20:06:914,2.443476
12:20:06:924,2.44573
12:20:06:932,2.446624
12:20:06:940,2.448729
12:20:06:950,2.451585
12:20:06:958,2.454524
12:20:06:967,2.456781
12:20:06:974,2.45989
12:20:06:984,2.462966
12:20:06:993,2.467523
12:20:07:002,2.471366
12:20:07:012,2.478319
12:20:07:021,2.482975
12:20:07:033,2.493845
12:20:07:041,2.505494
12:20:07:049,2.514602
12:20:07:058,2.525556
12:20:07:065,2.535447
12:20:07:073,2.55046
12:20:07:081,2.562902
12:20:07:090,2.577813
12:20:07:101,2.596219
12:20:07:109,2.607741
12:20:07:116,2.618115
12:20:07:127,2.634526
12:20:07:135,2.645073
12:20:07:143,2.655577
12:20:07:152,2.666194
12:20:07:162,2.677263
12:20:07:170,2.685659
12:20:07:178,2.694507
12:20:07:187,2.704555
12:20:07:195,2.712281
12:20:07:204,2.721883
12:20:07:213,2.730204
12:20:07:223,2.739487
12:20:07:231,2.745417
12:20:07:239,2.750114
12:20:07:247,2.752556
12:20:07:256,2.754002
12:20:07:263,2.753893
12:20:07:270,2.752407
12:20:07:281,2.751207
12:20:07:289,2.749018
12:20:07:297,2.746168
12:20:07:307,2.742504
12:20:07:316,2.739553
12:20:07:324,2.734291
12:20:07:332,2.730154
12:20:07:341,2.725331
12:20:07:351,2.721125
12:20:07:359,2.715703
12:20:07:369,2.71051
12:20:07:376,2.706957
12:20:07:385,2.701207
12:20:07:393,2.695839
12:20:07:402,2.689142
12:20:07:413,2.68105
12:20:07:420,2.676249
12:20:07:431,2.667939
12:20:07:440,2.663351
12:20:07:449,2.658675
12:20:07:456,2.654522
12:20:07:463,2.650079
12:20:07:474,2.645123
12:20:07:483,2.64083
12:20:07:491,2.637135
12:20:07:499,2.634876
12:20:07:508,2.631586
12:20:07:516,2.629202
12:20:07:525,2.626049
12:20:07:535,2.623702
12:20:07:543,2.622355
12:20:07:551,2.620693
12:20:07:559,2.61965
12:20:07:569,2.619327
12:20:07:577,2.617333
12:20:07:586,2.616972
12:20:07:597,2.615366
12:20:07:604,2.614063
12:20:07:613,2.613008
12:20:07:621,2.610981
12:20:07:634,2.610882
12:20:07:641,2.609637
12:20:07:651,2.608592
12:20:07:661,2.607186
12:20:07:670,2.606009
12:20:07:679,2.604524
12:20:07:687,2.602442
12:20:07:696,2.601479
12:20:07:704,2.599241
12:20:07:713,2.596862
12:20:07:723,2.595258
12:20:07:734,2.593643
12:20:07:742,2.59246
12:20:07:752,2.591787
12:20:07:760,2.591157
12:20:07:768,2.589561
12:20:07:776,2.588725
12:20:07:787,2.588562
12:20:07:795,2.586895
12:20:07:803,2.586938
12:20:07:812,2.586027
12:20:07:820,2.584966
12:20:07:829,2.582873
12:20:07:839,2.581852
12:20:07:850,2.579526
12:20:07:858,2.578313
12:20:07:867,2.577696
12:20:07:875,2.578165
12:20:07:882,2.577682
12:20:07:890,2.578082
12:20:07:899,2.577584
12:20:07:910,2.576832
12:20:07:918,2.576766
12:20:07:927,2.576665
12:20:07:935,2.576915
12:20:07:943,2.576974
12:20:07:951,2.577326
12:20:07:960,2.577067
12:20:07:970,2.577281
12:20:07:978,2.577181
12:20:07:986,2.576669
12:20:07:994,2.57645
12:20:08:004,2.576521
12:20:08:011,2.575888
12:20:08:018,2.575492
12:20:08:026,2.575235
12:20:08:040,2.575653
12:20:08:047,2.574467
12:20:08:056,2.574451
12:20:08:064,2.57429
12:20:08:071,2.573754
12:20:08:080,2.573841
12:20:08:090,2.572941
12:20:08:098,2.572182
12:20:08:106,2.571872
12:20:08:116,2.570412
12:20:08:125,2.570534
12:20:08:134,2.57111
12:20:08:143,2.571052
12:20:08:150,2.570715
12:20:08:161,2.570154
12:20:08:168,2.569598
12:20:08:177,2.568937
12:20:08:185,2.56768
12:20:08:195,2.566366
12:20:08:203,2.566437
12:20:08:211,2.564663
12:20:08:222,2.564173
12:20:08:230,2.562299
12:20:08:242,2.56025
12:20:08:251,2.558874
12:20:08:260,2.55789
12:20:08:267,2.55675
12:20:08:278,2.555746
12:20:08:290,2.555131
12:20:08:299,2.555228
12:20:08:308,2.55646
12:20:08:317,2.556652
12:20:08:324,2.557592
12:20:08:333,2.557205
12:20:08:341,2.5574
12:20:08:349,2.556494
12:20:08:358,2.556811
12:20:08:368,2.55537
12:20:08:377,2.555671
12:20:08:385,2.554883
12:20:08:394,2.554309
12:20:08:402,2.553501
12:20:08:410,2.551273
12:20:08:419,2.550847
12:20:08:429,2.548423
12:20:08:438,2.545886
12:20:08:446,2.543795
12:20:08:453,2.541314
12:20:08:462,2.536709
12:20:08:469,2.533251
12:20:08:479,2.529315
12:20:08:488,2.524582
12:20:08:496,2.521871
12:20:08:504,2.517973
12:20:08:513,2.513398
12:20:08:521,2.509805
12:20:08:529,2.505997
12:20:08:539,2.500409
12:20:08:547,2.494817
12:20:08:558,2.489545
12:20:08:567,2.484133
12:20:08:575,2.479934
12:20:08:583,2.477779
12:20:08:592,2.474205
12:20:08:602,2.47092
12:20:08:610,2.468928
12:20:08:620,2.466223
12:20:08:627,2.463552
12:20:08:635,2.461139
12:20:08:647,2.456446
12:20:08:655,2.453007
12:20:08:664,2.449081
12:20:08:671,2.444508
12:20:08:684,2.438088
12:20:08:692,2.433059
12:20:08:702,2.428897
12:20:08:709,2.423421
12:20:08:718,2.420633
12:20:08:725,2.416181
12:20:08:734,2.411495
12:20:08:745,2.406
12:20:08:756,2.400796
12:20:08:764,2.397874
12:20:08:772,2.396383
12:20:08:780,2.394879
12:20:08:788,2.392944
12:20:08:796,2.392604
12:20:08:804,2.39185
12:20:08:814,2.391008
12:20:08:824,2.390674
12:20:08:832,2.390713
12:20:08:843,2.392124
12:20:08:851,2.392114
12:20:08:859,2.394207
12:20:08:866,2.394134
12:20:08:876,2.3943
12:20:08:885,2.393177
12:20:08:892,2.393164
12:20:08:900,2.392678
12:20:08:909,2.394111
12:20:08:916,2.393503
12:20:08:925,2.394297
12:20:08:933,2.394758
12:20:08:945,2.395971
12:20:08:954,2.39554
12:20:08:963,2.396104
12:20:08:973,2.397378
12:20:08:981,2.398035
12:20:08:990,2.398435
12:20:08:998,2.399008
12:20:09:007,2.399481
12:20:09:016,2.401397
12:20:09:026,2.40154
12:20:09:033,2.402569
12:20:09:047,2.404748
12:20:09:055,2.405149
12:20:09:066,2.406194
12:20:09:076,2.40748
12:20:09:084,2.408277
12:20:09:092,2.408071
12:20:09:100,2.407508
12:20:09:108,2.407182
12:20:09:116,2.407218
12:20:09:126,2.407959
12:20:09:134,2.407706
12:20:09:142,2.407656
12:20:09:151,2.408152
12:20:09:158,2.408375
12:20:09:168,2.40832
12:20:09:176,2.407595
12:20:09:187,2.406953
12:20:09:195,2.406786
12:20:09:203,2.407186
12:20:09:211,2.407378
12:20:09:219,2.407282
12:20:09:227,2.407048
12:20:09:236,2.408555
12:20:09:243,2.407975
12:20:09:254,2.407812
12:20:09:261,2.407212
12:20:09:269,2.407991
12:20:09:278,2.407833
12:20:09:286,2.408167
12:20:09:294,2.407308
12:20:09:302,2.407289
12:20:09:312,2.406623
12:20:09:319,2.406325
12:20:09:329,2.40642
12:20:09:337,2.405097
12:20:09:346,2.404585
12:20:09:354,2.402372
12:20:09:363,2.401426
12:20:09:372,2.400518
12:20:09:380,2.400526
12:20:09:391,2.402565
12:20:09:399,2.404591
12:20:09:409,2.404708
12:20:09:417,2.406232
12:20:09:426,2.407209
12:20:09:434,2.409426
12:20:09:444,2.410956
12:20:09:452,2.413333
12:20:09:460,2.415368
12:20:09:470,2.418694
12:20:09:478,2.420442
12:20:09:486,2.421703
12:20:09:494,2.422058
12:20:09:505,2.423962
12:20:09:512,2.424516
12:20:09:521,2.423902
12:20:09:530,2.424157
12:20:09:537,2.423704
12:20:09:546,2.423592
12:20:09:554,2.423032
12:20:09:562,2.423178
12:20:09:574,2.421374
12:20:09:582,2.420156
12:20:09:591,2.417409
12:20:09:600,2.414805
12:20:09:610,2.410804
12:20:09:618,2.408616
12:20:09:626,2.406716
12:20:09:634,2.404627
12:20:09:642,2.401248
12:20:09:653,2.399573
12:20:09:661,2.396776
12:20:09:671,2.395551
12:20:09:678,2.393755
12:20:09:686,2.391613
12:20:09:694,2.389615
12:20:09:703,2.387199
12:20:09:713,2.386306
12:20:09:722,2.385348
12:20:09:731,2.383891
12:20:09:739,2.382117
12:20:09:749,2.381118
12:20:09:759,2.380348
12:20:09:766,2.378947
12:20:09:778,2.379942
12:20:09:785,2.379929
12:20:09:793,2.380789
12:20:09:802,2.38137
12:20:09:811,2.381877
12:20:09:819,2.381817
12:20:09:827,2.381698
12:20:09:837,2.380778
12:20:09:854,2.38006
12:20:09:863,2.379197
12:20:09:874,2.379715
12:20:09:884,2.378595
12:20:09:893,2.380122
12:20:09:902,2.380354
12:20:09:914,2.381597
12:20:09:923,2.381992
12:20:09:933,2.382543
12:20:09:942,2.383011
12:20:09:953,2.382251
12:20:09:963,2.381178
12:20:09:973,2.381161
12:20:09:985,2.381295
12:20:09:994,2.38092
12:20:10:002,2.382254
12:20:10:014,2.384
12:20:10:024,2.382976
12:20:10:032,2.382462
12:20:10:042,2.381062
12:20:10:055,2.381381
12:20:10:063,2.380901
12:20:10:074,2.381771
12:20:10:083,2.3817
12:20:10:093,2.382302
12:20:10:101,2.381455
12:20:10:112,2.381059
12:20:10:121,2.380543
12:20:10:129,2.380328
12:20:10:138,2.380238
12:20:10:147,2.380551
12:20:10:156,2.380403
12:20:10:165,2.379765
12:20:10:177,2.38038
12:20:10:186,2.380205
12:20:10:196,2.379817
12:20:10:203,2.380354
12:20:10:212,2.38167
12:20:10:220,2.381423
12:20:10:227,2.381694
12:20:10:237,2.381569
12:20:10:247,2.381929
12:20:10:259,2.38116
12:20:10:267,2.379632
12:20:10:276,2.378912
12:20:10:284,2.379244
12:20:10:294,2.379179
12:20:10:302,2.378828
12:20:10:312,2.378882
12:20:10:321,2.380234
12:20:10:329,2.380545
12:20:10:337,2.380403
12:20:10:345,2.379781
12:20:10:354,2.37995
12:20:10:362,2.378968
12:20:10:374,2.379903
12:20:10:383,2.379385
12:20:10:390,2.38046
12:20:10:398,2.380439
12:20:10:406,2.381294
12:20:10:415,2.380077
12:20:10:424,2.381141
12:20:10:435,2.38145
12:20:10:442,2.381086
12:20:10:450,2.381936
12:20:10:461,2.381132
12:20:10:468,2.380966
12:20:10:477,2.380326
12:20:10:485,2.380256
12:20:10:497,2.380327
12:20:10:504,2.379782
12:20:10:512,2.379377
12:20:10:522,2.380358
12:20:10:528,2.379433
12:20:10:539,2.378843
12:20:10:547,2.379543
12:20:10:561,2.379148
12:20:10:568,2.379287
12:20:10:576,2.378913
12:20:10:585,2.379157
12:20:10:593,2.379338
12:20:10:601,2.379354
12:20:10:609,2.379697
12:20:10:619,2.380729
12:20:10:627,2.381603
12:20:10:637,2.382203
12:20:10:645,2.382477
12:20:10:653,2.383468
12:20:10:662,2.38295
12:20:10:670,2.381841
12:20:10:679,2.381534
12:20:10:689,2.382131
12:20:10:698,2.383
12:20:10:706,2.383203
12:20:10:713,2.383035
12:20:10:723,2.383781
12:20:10:732,2.38345
12:20:10:742,2.383023
12:20:10:751,2.383191
12:20:10:762,2.384556
12:20:10:771,2.385182
12:20:10:779,2.385531
12:20:10:787,2.38635
12:20:10:794,2.386426
12:20:10:804,2.387994
12:20:10:815,2.388303
12:20:10:822,2.388223
12:20:10:830,2.38921
12:20:10:839,2.389261
12:20:10:847,2.387998
12:20:10:855,2.387956
12:20:10:863,2.388054
12:20:10:871,2.388093
12:20:10:883,2.387148
12:20:10:892,2.386148
12:20:10:903,2.384429
12:20:10:910,2.382173
12:20:10:918,2.381969
12:20:10:925,2.380254
12:20:10:934,2.380299
12:20:10:941,2.379735
12:20:10:950,2.379384
12:20:10:963,2.379246
12:20:10:972,2.379611
12:20:10:980,2.380033
12:20:10:989,2.379732
12:20:10:997,2.380081
12:20:11:006,2.380487
12:20:11:013,2.380666
12:20:11:024,2.379884
12:20:11:034,2.379738
12:20:11:044,2.379405
12:20:11:052,2.380216
12:20:11:065,2.380206
12:20:11:073,2.379477
12:20:11:084,2.378866
12:20:11:092,2.378441
12:20:11:102,2.379189
12:20:11:111,2.37995
12:20:11:120,2.379781
12:20:11:128,2.380282
12:20:11:137,2.380807
12:20:11:145,2.380118
12:20:11:156,2.379441
12:20:11:165,2.379545
12:20:11:173,2.379557
12:20:11:183,2.379749
12:20:11:191,2.379834
12:20:11:200,2.380403
12:20:11:209,2.380633
12:20:11:219,2.380998
12:20:11:227,2.382463
12:20:11:236,2.383455
12:20:11:246,2.385172
12:20:11:254,2.386142
12:20:11:263,2.386505
12:20:11:271,2.388154
12:20:11:282,2.389372
12:20:11:290,2.390005
12:20:11:299,2.39069
12:20:11:307,2.38993
12:20:11:315,2.389443
12:20:11:324,2.388115
12:20:11:332,2.388044
12:20:11:344,2.387746
12:20:11:352,2.387847
12:20:11:360,2.387964
12:20:11:369,2.387865
12:20:11:377,2.387449
12:20:11:388,2.387986
12:20:11:397,2.387928
12:20:11:407,2.387964
12:20:11:415,2.388005
12:20:11:422,2.38792
12:20:11:430,2.388502
12:20:11:438,2.388454
12:20:11:448,2.389605
12:20:11:456,2.38985
12:20:11:469,2.390551
12:20:11:477,2.391993
12:20:11:486,2.392438
12:20:11:494,2.393719
12:20:11:503,2.393726
12:20:11:512,2.392453
12:20:11:522,2.391129
12:20:11:530,2.390385
12:20:11:537,2.389472
12:20:11:547,2.389154
12:20:11:554,2.388645
12:20:11:563,2.388301
12:20:11:571,2.38601
12:20:11:580,2.385715
12:20:11:590,2.384185
12:20:11:598,2.382506
12:20:11:606,2.381351
12:20:11:615,2.380601
12:20:11:624,2.380348
12:20:11:631,2.380775
12:20:11:640,2.380272
12:20:11:650,2.381763
12:20:11:657,2.381165
12:20:11:670,2.380923
12:20:11:678,2.37959
12:20:11:687,2.379926
12:20:11:694,2.380168
12:20:11:703,2.381166
12:20:11:711,2.381421
12:20:11:722,2.381744
12:20:11:731,2.382254
12:20:11:739,2.381167
12:20:11:750,2.380725
12:20:11:758,2.379661
12:20:11:765,2.379215
12:20:11:776,2.378542
12:20:11:784,2.378765
12:20:11:792,2.37804
12:20:11:799,2.378245
12:20:11:808,2.378295
12:20:11:815,2.3778
12:20:11:824,2.377086
12:20:11:831,2.376464
12:20:11:842,2.376122
12:20:11:853,2.376038
12:20:11:862,2.375725
12:20:11:872,2.376546
12:20:11:880,2.376729
12:20:11:890,2.376977
12:20:11:900,2.376107
12:20:11:908,2.376878
12:20:11:916,2.376728
12:20:11:925,2.378632
12:20:11:934,2.379571
12:20:11:942,2.379753
12:20:11:951,2.380042
12:20:11:960,2.38071
12:20:11:970,2.381305
12:20:11:978,2.380951
12:20:11:986,2.380357
12:20:11:994,2.379535
12:20:12:004,2.378844
12:20:12:012,2.378294
12:20:12:020,2.377977
12:20:12:032,2.377652
12:20:12:040,2.376151
12:20:12:048,2.375519
12:20:12:057,2.374562
12:20:12:065,2.373858
12:20:12:075,2.373713
12:20:12:084,2.373339
12:20:12:094,2.372367
12:20:12:103,2.371925
12:20:12:110,2.372636
12:20:12:120,2.372429
12:20:12:128,2.372285
12:20:12:135,2.372203
12:20:12:144,2.372269
12:20:12:156,2.371871
12:20:12:165,2.370926
12:20:12:176,2.370554
12:20:12:185,2.369323
12:20:12:194,2.367676
12:20:12:202,2.365915
12:20:12:210,2.364636
12:20:12:218,2.362386
12:20:12:226,2.361355
12:20:12:237,2.358866
12:20:12:246,2.358958
12:20:12:256,2.358717
12:20:12:265,2.358123
12:20:12:276,2.358222
12:20:12:284,2.357634
12:20:12:294,2.357538
12:20:12:302,2.35774
12:20:12:309,2.356105
12:20:12:317,2.355911
12:20:12:325,2.354814
12:20:12:334,2.35445
12:20:12:343,2.353333
12:20:12:350,2.35251
12:20:12:360,2.351219
12:20:12:368,2.350897
12:20:12:380,2.350899
12:20:12:389,2.350002
12:20:12:397,2.349133
12:20:12:406,2.347989
12:20:12:417,2.347529
12:20:12:426,2.345221
12:20:12:434,2.344262
12:20:12:442,2.343802
12:20:12:450,2.342362
12:20:12:459,2.342156
12:20:12:467,2.3415
12:20:12:480,2.341729
12:20:12:487,2.340801
12:20:12:496,2.340574
12:20:12:505,2.340762
12:20:12:513,2.340494
12:20:12:521,2.34025
12:20:12:529,2.340336
12:20:12:539,2.341152
12:20:12:549,2.341547
12:20:12:560,2.341434
12:20:12:567,2.341778
12:20:12:580,2.342106
12:20:12:589,2.34177
12:20:12:599,2.341477
12:20:12:609,2.341043
12:20:12:620,2.340649
12:20:12:626,2.340524
12:20:12:636,2.34051
12:20:12:644,2.340615
12:20:12:652,2.340629
12:20:12:660,2.34034
12:20:12:670,2.339782
12:20:12:682,2.34014
12:20:12:690,2.339933
12:20:12:699,2.340251
12:20:12:707,2.340482
12:20:12:716,2.339812
12:20:12:726,2.339053
12:20:12:734,2.338347
12:20:12:743,2.336992
12:20:12:750,2.336611
12:20:12:761,2.334405
12:20:12:770,2.333277
12:20:12:782,2.332555
12:20:12:792,2.332229
12:20:12:801,2.333367
12:20:12:809,2.334303
12:20:12:819,2.334827
12:20:12:827,2.335059
12:20:12:837,2.333985
12:20:12:845,2.334535
12:20:12:855,2.334693
12:20:12:862,2.334853
12:20:12:873,2.336183
12:20:12:885,2.337238
12:20:12:892,2.33751
12:20:12:900,2.338279
12:20:12:909,2.340168
12:20:12:921,2.343474
12:20:12:928,2.344878
12:20:12:938,2.347929
12:20:12:947,2.351053
12:20:12:955,2.353692
12:20:12:963,2.357344
12:20:12:971,2.361562
12:20:12:987,2.369091
12:20:12:995,2.374146
12:20:13:004,2.379425
12:20:13:012,2.384934
12:20:13:021,2.390259
12:20:13:030,2.399257
12:20:13:038,2.405191
12:20:13:048,2.412354
12:20:13:056,2.417119
12:20:13:066,2.421213
12:20:13:074,2.424808
12:20:13:086,2.429812
12:20:13:093,2.435992
12:20:13:103,2.442787
12:20:13:113,2.450732
12:20:13:123,2.458457
12:20:13:131,2.462026
12:20:13:139,2.46094
12:20:13:147,2.459876
12:20:13:157,2.455297
12:20:13:166,2.444846
12:20:13:178,2.439483
12:20:13:188,2.429649
12:20:13:199,2.41984
12:20:13:208,2.408493
12:20:13:217,2.398166
12:20:13:225,2.386648
12:20:13:234,2.373938
12:20:13:247,2.35812
12:20:13:255,2.344373
12:20:13:266,2.323947
12:20:13:276,2.307528
12:20:13:289,2.277845
12:20:13:296,2.261108
12:20:13:307,2.240516
12:20:13:314,2.221929
12:20:13:325,2.206708
12:20:13:334,2.184128
12:20:13:342,2.168513
12:20:13:350,2.15208
12:20:13:359,2.139147
12:20:13:368,2.11661
12:20:13:378,2.093723
12:20:13:389,2.07512
12:20:13:397,2.05074
12:20:13:407,2.026975
12:20:13:416,2.004875
12:20:13:427,1.975909
12:20:13:436,1.953805
12:20:13:448,1.919236
12:20:13:458,1.893808
12:20:13:470,1.862059
12:20:13:480,1.838989
12:20:13:490,1.809083
12:20:13:499,1.785588
12:20:13:509,1.763766
12:20:13:517,1.736951
12:20:13:527,1.708209
12:20:13:537,1.67815
12:20:13:546,1.650325
12:20:13:554,1.625794
12:20:13:562,1.601034
12:20:13:570,1.574466
12:20:13:580,1.548343
12:20:13:590,1.514908
12:20:13:600,1.484025
12:20:13:609,1.459002
12:20:13:617,1.435713
12:20:13:626,1.406922
12:20:13:635,1.381058
12:20:13:643,1.358888
12:20:13:650,1.334085
12:20:13:660,1.30575
12:20:13:671,1.272382
12:20:13:679,1.252553
12:20:13:691,1.212511
12:20:13:700,1.186475
12:20:13:709,1.158607
12:20:13:718,1.130903
12:20:13:729,1.094377
12:20:13:737,1.070325
12:20:13:746,1.038562
12:20:13:754,1.013658
12:20:13:762,0.988342
12:20:13:770,0.9627401
12:20:13:780,0.9306259
12:20:13:792,0.8896956
12:20:13:800,0.8698125
12:20:13:810,0.8326953
12:20:13:818,0.8035588
12:20:13:829,0.7718514
12:20:13:837,0.7414448
12:20:13:846,0.7108467
12:20:13:855,0.6812902
12:20:13:863,0.6559669
12:20:13:872,0.6203238
12:20:13:881,0.5950465
12:20:13:893,0.5542196
12:20:13:902,0.526136
12:20:13:913,0.4881541
12:20:13:921,0.4679451
12:20:13:930,0.4307086
12:20:13:938,0.4039426
12:20:13:946,0.3758314
12:20:13:954,0.3480766
12:20:13:962,0.3219487
12:20:13:972,0.2843136
12:20:13:981,0.2562312
12:20:13:992,0.215032
12:20:14:001,0.1868664
12:20:14:010,0.1622982
12:20:14:017,0.1286916
12:20:14:026,0.102487
12:20:14:034,0.0703527
12:20:14:042,0.04041997
12:20:14:052,0.003752293
12:20:14:061,-0.02636719
12:20:14:072,-0.06640625
12:20:14:080,-0.09417725
12:20:14:088,-0.1228027
12:20:14:096,-0.151062
12:20:14:105,-0.1800232
12:20:14:113,-0.210144
12:20:14:122,-0.2397461
12:20:14:130,-0.2710266
12:20:14:139,-0.304657
12:20:14:147,-0.3346558
12:20:14:157,-0.3693542
12:20:14:165,-0.4024353
12:20:14:175,-0.4386902
12:20:14:182,-0.4645386
12:20:14:194,-0.516449
12:20:14:203,-0.5476685
12:20:14:212,-0.5842896
12:20:14:220,-0.6151428
12:20:14:227,-0.6401367
12:20:14:235,-0.6697083
12:20:14:244,-0.7054138
12:20:14:254,-0.7438965
12:20:14:263,-0.7776794
12:20:14:272,-0.8094482
12:20:14:282,-0.8453369
12:20:14:290,-0.881897
12:20:14:297,-0.9092407
12:20:14:306,-0.9428406
12:20:14:314,-0.9718323
12:20:14:322,-1.004059
12:20:14:331,-1.029846
12:20:14:338,-1.065704
12:20:14:348,-1.101715
12:20:14:356,-1.132904
12:20:14:365,-1.166077
12:20:14:375,-1.205444
12:20:14:384,-1.234985
12:20:14:392,-1.26413
12:20:14:400,-1.293579
12:20:14:410,-1.321533
12:20:14:417,-1.358063
12:20:14:425,-1.381592
12:20:14:437,-1.430725
12:20:14:446,-1.467957
12:20:14:456,-1.507477
12:20:14:467,-1.546967
12:20:14:478,-1.587158
12:20:14:488,-1.626556
12:20:14:499,-1.667725
12:20:14:509,-1.70755
12:20:14:520,-1.745697
12:20:14:530,-1.785461
12:20:14:541,-1.823792
12:20:14:554,-1.862488
12:20:14:565,-1.912537
12:20:14:577,-1.958069
12:20:14:587,-1.999237
12:20:14:600,-2.044922
12:20:14:609,-2.083008
12:20:14:619,-2.11972
12:20:14:632,-2.169647
12:20:14:640,-2.200836
12:20:14:651,-2.239899
12:20:14:659,-2.273987
12:20:14:669,-2.30835
12:20:14:679,-2.347717
12:20:14:689,-2.388641
12:20:14:701,-2.43573
12:20:14:710,-2.468079
12:20:14:720,-2.50827
12:20:14:730,-2.541656
12:20:14:740,-2.59082
12:20:14:750,-2.628326
12:20:14:760,-2.664154
12:20:14:773,-2.717926
12:20:14:784,-2.757599
12:20:14:800,-2.820068
12:20:14:809,-2.858673
12:20:14:821,-2.90155
12:20:14:831,-2.941559
12:20:14:842,-2.982605
12:20:14:853,-3.025696
12:20:14:862,-3.063568
12:20:14:874,-3.107635
12:20:14:884,-3.147675
12:20:14:894,-3.186859
12:20:14:903,-3.223511
12:20:14:913,-3.26358
12:20:14:923,-3.300873
12:20:14:932,-3.334259
12:20:14:943,-3.380005
12:20:14:952,-3.416779
12:20:14:962,-3.451263
12:20:14:971,-3.490295
12:20:15:003,-3.614685
12:20:15:014,-3.662842
12:20:15:025,-3.706512
12:20:15:036,-3.748718
12:20:15:065,-3.866791
12:20:15:103,-4.02002
12:20:15:115,-4.068085
12:20:15:125,-4.118347
12:20:15:138,-4.157745
12:20:15:146,-4.204651
12:20:15:158,-4.249298
12:20:15:168,-4.290833
12:20:15:177,-4.32959
12:20:15:187,-4.374634
12:20:15:199,-4.422333
12:20:15:211,-4.472687
12:20:15:224,-4.526489
12:20:15:232,-4.561951
12:20:15:242,-4.602173
12:20:15:253,-4.649139
12:20:15:262,-4.690674
12:20:15:278,-4.753021
12:20:15:287,-4.791656
12:20:15:298,-4.838379
12:20:15:308,-4.880096
12:20:15:319,-4.92807
12:20:15:331,-4.978577
12:20:15:346,-5.040405
12:20:15:358,-5.093018
12:20:15:370,-5.142487
12:20:15:378,-5.178406
12:20:15:386,-5.216278
12:20:15:396,-5.255402
12:20:15:406,-5.302429
12:20:15:416,-5.344208
12:20:15:425,-5.383789
12:20:15:434,-5.419495
12:20:15:442,-5.45639
12:20:15:451,-5.492981
12:20:15:459,-5.528992
12:20:15:470,-5.572968
12:20:15:480,-5.617188
12:20:15:488,-5.654205
12:20:15:496,-5.689667
12:20:15:508,-5.742401
12:20:15:516,-5.776672
12:20:15:526,-5.821259
12:20:15:536,-5.853668
12:20:15:545,-5.900879
12:20:15:555,-5.94519
12:20:15:567,-5.996307
12:20:15:575,-6.030884
12:20:15:583,-6.068634
12:20:15:590,-6.10321
12:20:15:601,-6.144318
12:20:15:609,-6.184204
12:20:15:617,-6.219513
12:20:15:626,-6.260651
12:20:15:634,-6.29541
12:20:15:642,-6.329224
12:20:15:650,-6.367004
12:20:15:658,-6.402802
12:20:15:668,-6.446045
12:20:15:680,-6.504059
12:20:15:688,-6.542053
12:20:15:697,-6.580261
12:20:15:711,-6.641693
12:20:15:721,-6.684021
12:20:15:731,-6.729767
12:20:15:741,-6.775085
12:20:15:749,-6.813965
12:20:15:757,-6.848785
12:20:15:766,-6.890472
12:20:15:776,-6.932861
12:20:15:784,-6.967346
12:20:15:793,-7.007507
12:20:15:819,-7.12674
12:20:15:830,-7.177673
12:20:15:838,-7.217377
12:20:15:848,-7.261566
12:20:15:857,-7.303101
12:20:16:526,0

