id,time,head rotation
c49c09c8-5c48-48b2-9a30-abe3e14f466e,11:38:30:638,0
5f64dec4-881c-4c8e-9dec-ee64d48c5a49,11:38:32:638,0
5c5a115c-e828-4b40-b6d7-cc6cd8ca128d,11:38:34:641,0
cdeededd-5a0a-43da-829a-7ba0ebdf022f,11:38:36:641,0
55e81b7d-7fe4-458e-9fc9-93568e62bea8,11:38:38:642,-27.70001
1e57672b-838d-4987-8a0b-afb81f927727,11:38:40:642,50.09999
f5294dfc-c5ff-45ba-ab35-831ac09ec56f,11:38:42:643,29.09998
286e8d16-0168-4b3c-8322-9397d521321d,11:38:44:643,-13.60001
907862f6-f029-4a5d-9ce2-c2d93e2bb229,11:38:46:643,-26.60001
a3c57b06-7439-486f-8b4d-c0415e8f50eb,11:38:48:644,14.99999
896ab8a8-bca3-4956-840c-48f50397cd13,11:38:50:645,36.79998
b80ceb31-fbf4-4361-a859-bcfa4d1ef6a0,11:38:52:647,5.699981
96e942d9-5851-4880-ae3d-5641321a6315,11:38:54:648,17.09998
a82e9605-7742-40be-b14d-dfdaaf86fcb2,11:38:56:649,2.299979
82d41305-0259-49c4-9d1a-ac5a125cdf34,11:38:58:649,0
2ab943ce-29b7-43f3-a3a7-da2f55d83436,11:39:00:649,0
8cb79c54-c1ae-4a1b-9775-3ba5781e236e,11:39:02:650,0
28e0e28c-92c4-4181-9800-54656302b9bd,11:39:04:650,0
eb43411d-ca8a-4da1-ad6d-4ebbc2a0bd14,11:39:06:651,0
a5c993cd-889b-4a67-9201-adfb6bea2207,11:39:08:651,0
c90aa00e-ca0d-4a57-a442-62e514548baa,11:39:10:653,0
f785fdd7-47c4-43e7-a128-3ba1e66e4067,11:39:12:653,0
93992f93-a588-44ab-83c5-e1ca10f805de,11:39:14:655,0
d8a8a9e8-3056-4104-8654-9b180e0b5754,11:39:16:656,0
8c931c5d-1cfb-4345-a11c-96b649f921cf,11:39:18:656,0
73d0921e-34a0-4e94-a56c-d42c9de4d673,11:39:20:657,0
0ad7e879-0b3b-4476-9332-73151b47b8f0,11:39:22:658,0
26ff02c2-10d5-412c-8780-def771cbf701,11:39:24:658,0
841627fa-3b22-4516-90c8-40db29aae57c,11:39:26:658,0
f35d0b75-c4a4-49ef-8aa2-6176c0706c88,11:39:28:658,0
3ecae145-f762-4cdf-b13d-43708bc2bc25,11:39:30:659,0
6d30f1a3-2495-4b88-9d86-9d9954c8065f,11:39:32:659,0
607a9770-dbcf-423c-90aa-b00cd5bb3b24,11:39:34:660,0
87ac93aa-cd17-4ea8-b50e-9ac07b93975e,11:39:36:660,0
e4d96b0f-e161-4016-9a28-162966b6891e,11:39:38:661,0
e6584429-cc94-47d3-a742-a94dd7655bf7,11:39:40:663,0
bacc0243-7521-4530-a6c6-e3dd2c8a6b7e,11:39:42:664,0
16dced79-de1d-473d-834c-e3d0f0950f87,11:39:44:664,0
c0fa7e93-7a1d-4e8f-8749-1f348341c373,11:39:46:664,0
2bdc78a5-266e-4912-ba78-a7fa6e8293c7,11:39:48:665,0
de8557e8-f4a6-4438-98ea-c3e4714917fc,11:39:50:666,0
2c466d70-3d98-4b26-bb4d-9ed26b2dd934,11:39:52:666,0
d97441ca-96d8-4d8e-a45b-9b846ebad3f1,11:39:54:667,0
4d78659f-7b31-43eb-9e3e-4740115059c7,11:39:56:667,0
ac8ace61-26d1-42cf-bf17-d8ca24c52307,11:39:58:668,0
b8947afc-0540-4d4f-b9ad-162ddae03f74,11:40:00:669,0
e3f2e802-69f3-48f0-8acb-95caf85985b2,11:40:02:670,0
9fcbc8d9-0ba6-4d36-987b-395245af042b,11:40:04:670,0
3039e3a7-d88f-4e78-80ab-dd12d3b3442e,11:40:06:671,0
a4563df2-bfe5-4e4d-82f3-f80317dea6ad,11:40:08:671,0
5a468ba5-d8b9-4997-bec8-ae9ce9ee4abc,11:40:10:672,0
43814fcd-4bb1-44f7-b731-7919bd3a234c,11:40:12:672,0
c4ee3ef2-7034-4001-8570-45aeea05c9d9,11:40:14:673,0
a46d42ea-1551-4e5e-b416-16ad845c544d,11:40:16:673,0
bd0a5646-6bbd-48ff-9d50-cd236eea9db8,11:40:18:673,0
c1580f7c-bb82-40a3-b74f-1af077a282ad,11:40:20:674,0
90da5ae6-ce90-42b9-b678-4ecdbfa17c13,11:40:22:675,0
d7357f23-6fc2-41e0-a612-1e348d3bba84,11:40:24:675,0
1f8085d9-0a01-4907-a0fd-7172f69d5efe,11:40:26:677,0
a1554516-0ed6-41c0-92e4-bbcf0c6b3266,11:40:28:677,0
c4a64fec-4943-425a-b1c5-491b19b0e64c,11:40:30:678,0
3b7a9f0e-93c3-4a82-b31d-74120d042e58,11:40:32:679,0
86a846b0-b399-412e-90b3-2ebd9a3fbe02,11:40:34:679,0
e18e548d-fc8f-48ab-a964-825a03b4de2c,11:40:36:680,0
cc1b7b3b-811d-4c0c-b1eb-968817fc2b3b,11:40:38:680,0
b2eebf93-a399-4b1d-94b1-3f091f0fe937,11:40:40:681,0
95612e8f-d95b-4853-bad0-f637b9945eff,11:40:42:681,0
c46a6041-e4c2-4554-9262-10e7ec43e08f,11:40:44:682,0
37e54ec8-368c-4411-8485-89493cdc1347,11:40:46:683,0
0acaf62b-d4bb-49a0-9d5a-39eff877e3c8,11:40:48:683,0
87b6e564-d1d8-4c4f-a471-6dad42214956,11:40:50:684,0
1338102b-e63a-43c2-9f3d-aa55d9e4d657,11:40:52:685,0
61301cff-4391-4a33-b94a-e07b48630bde,11:40:54:687,0
ad119edf-77f3-4c3e-9251-220f465e4e22,11:40:56:687,0
cd36eb69-94d9-4743-9e6d-cb512d0f0e6a,11:40:58:687,0
3498a6d2-68c6-4fb0-90d4-225e89c176db,11:41:00:688,0
a43e9101-54dc-4dd8-a2fd-83ce6ba6859c,11:41:02:688,0
3e7079bf-127b-4ac5-8879-61ab367d8aa4,11:41:04:689,0
ab7a949f-5d17-4713-af61-a874c38022eb,11:41:06:689,0
4139304e-48f1-4879-8d01-fedaa1aa25dc,11:41:08:689,0
c600afdf-19c1-4d52-9586-3bed7aee0b79,11:41:10:690,0
d2b68a00-592f-4704-8c30-e2018e400ab6,11:41:12:690,0
20908ad6-1986-482a-821d-4b95bbac4457,11:41:14:690,0
0233e76b-e60d-4b01-86af-d0669bca59c9,11:41:16:691,0
b9a443ac-2340-40b1-9970-74e504e146ad,11:41:18:691,0
f8075ac8-70c3-4039-99da-051eff8df478,11:41:20:692,0
85cc8273-e71e-41d8-bb02-53edfeb4fdd3,11:41:22:692,0
ebcceb43-5d57-4526-97ac-db572c33e3ed,11:41:24:693,0
5ddaa024-e3ce-4061-bfeb-cba0fe7ecda5,11:41:26:693,0
28237571-72dd-44f3-8020-7bdbd0e4cefb,11:41:28:695,0
7997d6c0-4995-446f-bcb4-c9d75f5e84c1,11:41:30:696,0
cc8b4f1d-5328-4291-80ba-2fa58d30fdc0,11:41:32:696,0
1b7265a0-a108-4ff6-be40-82918693b363,11:41:34:698,0
bf045152-f206-4594-9a6e-7cb32038c506,11:41:36:699,0
30597af1-9b43-486e-ae5a-8332412a4f3e,11:41:38:699,0
91955ee2-ebfc-4c8c-82d6-fe34c5bbcc87,11:41:40:700,0
8a1945a3-97b6-4e38-8dcf-aa582ae2046e,11:41:42:700,0
49bdded1-cc79-49aa-98b4-6060ca54b117,11:41:44:701,0
145e9eb5-0f5a-4dea-9d46-633abd8f7928,11:41:46:701,0
d468205d-1d62-46dc-a1c5-118be7c9f39e,11:41:48:702,0
dcb2946f-459f-4b7a-b1a3-94c120bef1f9,11:41:50:703,0
fae0aa67-1bb4-4da2-b9c6-77b37f361d1f,11:41:52:705,0
e1c8db0c-b8bf-4e39-b1b6-830d2085ba69,11:41:54:706,0
c6fbdd77-328e-472b-af6c-1f5c73b2136c,11:41:56:708,0
11c00428-5b3c-4725-907c-3dfee0cfa04f,11:41:58:708,0
1fa7894e-fc4f-4737-922c-2b5b6c28b754,11:42:00:709,0
87215c63-1042-4b0d-97ac-7795a3914c1e,11:42:02:709,0
4d5e6761-8b47-453d-844c-dd0b2c37a1c3,11:42:04:710,0
966c3968-d4d1-4b40-85cf-eb097b75a9c6,11:42:06:711,0
a8dd1cf6-7e71-4b04-b164-a5290db71591,11:42:08:711,0
3b79302c-88c8-4fc5-a41d-61e6bf2212cd,11:42:10:712,0
1c8c59af-3dc6-4520-8bda-7434a4faa72a,11:42:12:712,0
5258c082-7866-4e4a-b068-868e0f2ec99d,11:42:14:713,0
72962659-0ed5-49f5-9ab8-29b26bba6df8,11:42:16:713,0
47d0f8af-fcd2-43d3-8d8b-9c6d7a9c3a70,11:42:18:713,0
197a6ce0-fabb-4688-a02d-0949856d408e,11:42:20:714,0
f28c16c9-a56e-461f-84cc-7593cc9d525a,11:42:22:714,0
4b2d6b4f-c5c1-469c-80b2-1b1b121bfbdb,11:42:24:716,0
c29d5520-7cf9-475f-a7c2-5028825f46e3,11:42:26:717,0
95bc6790-5a89-483c-aec6-2e04955d5003,11:42:28:718,0
c800655f-8857-4833-8b80-1184777fa666,11:42:30:718,0
280baf42-793f-458f-a8ba-b7f151280b3a,11:42:32:718,0
ccdba420-2455-4c59-b47b-5e60a7de43dc,11:42:34:718,0
63820594-e629-4b79-91c8-2a43ff8d37be,11:42:36:718,0
0ffc7da8-f8c0-4098-8496-67682b6eda27,11:42:38:719,0
eb4784c8-08af-44d2-8a39-b71001b1bd46,11:42:40:720,0
afda1858-9c90-495e-aab3-e86dd9afcd62,11:42:42:721,0
27350fa9-3c44-491a-8f52-c814dbf75d80,11:42:44:721,0
0dab8684-7663-4547-b754-9bcc5008807d,11:42:46:722,0
d56d7fcd-c94e-4b4b-9e76-40b0a91493fb,11:42:48:722,0
830b9166-b8e0-4b34-8e8c-855f9965168a,11:42:50:723,0
6fad10c6-048c-4c4a-a396-3ed15cd40d20,11:42:52:724,0
91bf2c58-e6e7-4bb1-bf78-85e378428655,11:42:54:724,0
84bb8251-902b-466a-b8d3-649b4e80f113,11:42:56:725,0
9cce3616-06d0-4f65-89c9-04261980d274,11:42:58:726,0
a65a981b-cfae-4bb2-abb9-26861a58c80e,11:43:00:726,0
f41abfc3-0881-48aa-9e12-ae1a957fb13e,11:43:02:727,0
f2900605-df69-4c45-9dcf-c2f643b11ec7,11:43:04:728,0
d41bb941-89ff-46d7-bdde-2c2d5c3d5a49,11:43:06:730,0
f34ac041-3e4f-49ee-9bb3-687f050a5b90,11:43:08:730,0
c6efe5fc-d969-4058-bfc0-75a845cad8bb,11:43:10:731,0
b1bbb5c0-9628-4113-838c-673ffe9c22b9,11:43:12:732,0
cde39c36-2314-4854-a6e5-bf7b8744f222,11:43:14:733,0
5691f0bc-f45e-4c91-847a-ad766b73f062,11:43:16:733,0
6cd243b5-93f0-4b6f-9196-1bd694a77238,11:43:18:734,0
433a73cb-fa03-4fb1-9974-b0f55aff4502,11:43:20:734,0
52dd9eb6-c496-49ba-8a4b-41a10d11e678,11:43:22:736,0
87fd5d9b-9e69-45f2-882b-44a595a45c5a,11:43:24:736,0
ca3553ba-86b6-4eaa-8495-e1d9db9c0fba,11:43:26:737,0
a7436c55-3597-4641-9bfe-b846f7dfa145,11:43:28:737,0
addc645f-1912-4fb7-8495-a4f0fb3938c4,11:43:30:738,0
b125a49a-1972-4ab1-8237-805063a1288a,11:43:32:739,-27.20001
6176662e-9ac4-41d4-9a9d-193bb0dbc9da,11:43:34:739,-29.20001
fa14708b-167e-46c9-8436-31b86b89e3b2,11:43:36:739,16.49998
cd120a1a-27c2-4662-a7c6-221759f3a272,11:43:38:740,-7.200043
a4fba72a-d768-4864-b6fa-72d7d83ce634,11:43:40:740,85.59995
3d0cd248-cf60-44bd-a9e9-f047a8f6092a,11:43:42:741,61.49994
ffbcf7ff-3ee0-48f4-abe8-b861f6626f59,11:43:44:744,39.79994
0dcee9ef-78a1-4fc4-9135-65ca2fb658ca,11:43:46:745,19.79995
631a94d5-76d3-4554-97a8-8b00ab72105b,11:43:48:747,-54.90005
33152e46-7470-4e53-aafa-b62f507ccd3a,11:43:50:749,-12.40009
163e89cb-6919-4367-85f7-bfad26dc1422,11:43:52:749,-38.80014
7fd4ef4a-d143-43fc-a0a2-2107df17c5de,11:43:54:750,-23.99985
0f13c76e-08e6-406e-892f-9a8f9021c49e,11:43:56:751,-16.39981
9f9913d7-a498-46b2-b62c-1d50bdd300d0,11:43:58:751,-9.800171
57a34ea4-624c-41c6-966b-ebaf8b6a3f3a,11:44:00:751,-1.500031
16a639cf-a7f1-4ce3-b508-a58e1494d2af,11:44:02:752,-1.500031
4ea70f9f-cfb1-4727-8fdf-4ae7b8855670,11:44:04:753,-170.2998
7b779cec-082c-4288-b0cc-e73e34a3fc86,11:44:06:753,0
e503ce51-dafd-4b79-9e84-7d18d57b2251,11:44:08:754,0
7adef492-35f4-4abf-a481-ad3e952bf8ee,11:44:10:754,0
64cead18-7e34-43aa-870d-35205de03a0d,11:44:12:754,0
c1b6e3ce-b8fb-4a65-b8da-68dad44434ea,11:44:14:755,0
fa7626e8-c4fe-42bb-bc9b-c6a14c042623,11:44:16:756,0
868bb18b-db65-4dc6-88a7-9e770149e47a,11:44:18:756,0
d92f1d86-d00b-45cf-a54c-689654bdfb83,11:44:20:757,0
36281967-d157-473c-a05c-044185d27ead,11:44:22:759,0
0630da63-c226-462e-82c3-e4f4d4211612,11:44:24:759,0
a333e0a8-63c1-4cc7-9bb8-3a930300ccd1,11:44:26:759,0
e8271532-6185-437d-89de-089ffecef104,11:44:28:760,0
cbd82159-df25-45e2-a38d-7227977e8ec9,11:44:30:761,0
ac30c25c-e52b-4233-a23e-a6547ea158e2,11:44:32:761,0
13477a5b-2ef5-44ed-948a-0ab782129bd7,11:44:34:761,0
26e4e450-ad46-4bef-8ea5-75ca0c832ecd,11:44:36:762,0
648f3a0a-2e6d-49d3-88e0-978308a0e614,11:44:38:762,0
50fcb03e-d17b-458b-853f-b3952b3e65a4,11:44:40:763,0
c6fa63c4-c4e6-4929-8741-174549f2e9f5,11:44:42:765,0
bacf9bd0-1b92-4c11-9c64-34390bd27664,11:44:44:765,0
3190bdae-7b69-494a-a360-024ca6c6f47c,11:44:46:765,0
a9591beb-acb8-4a7c-8f32-63b00e4c278b,11:44:48:767,0
e0bbc81e-72e0-4b36-bba8-4fc8753ebd6b,11:44:50:768,0
6adcd7fd-3027-4080-a2e7-f0ebf4320fa0,11:44:52:769,0
3f0f0b04-6435-433a-9bbc-01e80d02ee36,11:44:54:769,0
2ac678b0-674a-4f05-9a05-933878d7f422,11:44:56:770,0
b3f1fb51-a344-4436-8a3d-827cf438f564,11:44:58:771,0
d64a18f0-3b10-4a4c-a8e6-27e663a937d3,11:45:00:771,0
68fd12a1-30d4-4003-9ef9-ffa07514c890,11:45:02:772,0
e9e1356f-6ab1-4dba-abba-6b16bc744144,11:45:04:774,0
58304712-c935-4afe-a991-f4e53f48de43,11:45:06:774,0
d31bd3f9-71ba-4362-86b5-f4d04b517dc7,11:45:08:775,0
eb02f021-4296-463e-8d03-9151bb9877f3,11:45:10:778,0
407e4061-4b18-480b-8061-14b318d76530,11:45:12:778,0
be92183a-b432-4c7e-ace5-6ecc0b64fc59,11:45:14:779,0
cd0f4f86-3a12-45cf-9608-ecc826177506,11:45:16:780,0
4cf6d34e-90b0-4da6-ada8-c354cbc5b721,11:45:18:780,0
66a764a6-0fa8-41ec-84bf-fbbdbb075ff0,11:45:20:782,0
6f3f6cf5-1335-453d-95fa-468f45acc4b6,11:45:22:784,0
6f276fab-04de-4315-b729-ba7afe194a1e,11:45:24:785,0
8d692aa2-bc3e-462e-99bc-6efa95032e30,11:45:26:785,0
d893e79a-0c83-4382-a28a-3a949f6a8da3,11:45:28:786,0
5de61bc8-e340-492b-a7ea-6cd976756246,11:45:30:788,0
4661ad97-99fd-4ef6-8191-e214e7ce41f8,11:45:32:788,0
0ff75efc-9353-49ac-811e-ef2bb2d0a1a3,11:45:34:788,0
1bb0f169-64e4-441d-80d0-211b84854657,11:45:36:789,0
9a275d39-dbbf-4ce6-bcc5-4984c3ec0564,11:45:38:790,0
a9662513-23b9-4dd2-84c0-377b24e2c8a3,11:45:40:790,0
76d7bffe-5787-4af0-9eac-a6ae2c25b466,11:45:42:791,0
39776082-aab9-42d9-ac5f-268880d600f3,11:45:44:791,0
b27a2aa0-8fe4-473e-9fe0-0fef1ba8eae2,11:45:46:792,0
40bf8b6a-aa91-42a7-a1de-169964664c01,11:45:48:793,0
12bddcf6-ae12-4309-b000-de2b3fe6f3b8,11:45:50:793,0
c5d91ff0-fc12-4195-827a-1050a1287856,11:45:52:793,0
41494468-ced3-4f1a-abb2-38d2216dc371,11:45:54:795,0
e96c2f8f-ac85-4378-9117-c3f57bdd2c07,11:45:56:795,0
27e7ad93-9fa2-45dd-9d9b-7679f161e5d1,11:45:58:796,0
fe7249ef-0af1-4750-b398-921f6e8839a5,11:46:00:797,0
e5ba1d05-2ddc-400e-8382-9e6a3e1524b1,11:46:02:797,0
6d7c7d2a-8cbf-4e46-8104-49c318f8a375,11:46:04:797,0
9b350fde-f828-4d0b-a5f8-c42d51c15bdf,11:46:06:798,0
b9880e00-fb5e-48a9-84fc-6aafe215c7d6,11:46:08:798,0
1869272f-2955-4b3e-b400-97399de911f7,11:46:10:799,0
b1987455-dfe9-4b49-a220-4e3fafe616a7,11:46:12:801,0
09cbd209-7f8a-43f7-8b6e-ac7df7cc982c,11:46:14:802,0
16b5e969-d850-4ff6-9ac7-759225d2197e,11:46:16:804,0
dedd1d66-bb2c-49ed-85b2-f35662a905e6,11:46:18:805,0
1a8cf74a-4c6e-4f01-95a2-d33d05d561d4,11:46:20:806,0
ff8f385f-a6a2-4d9f-be19-53acd651838e,11:46:22:806,0
8f2a7a49-8bbb-4bb1-8793-25176b74c9ec,11:46:24:806,0
b101eada-38de-45b0-8cee-d2cf5c09b6ea,11:46:26:807,0
7f3a8d71-78ad-456a-8215-b3279de037e3,11:46:28:808,0
1c289a39-cd6a-47b8-b3e5-3152c5b34ca0,11:46:30:810,0
b83077f5-7079-4065-bb16-3d423a05a03a,11:46:32:811,0
4136edac-1b9c-4b09-bd4d-14e0ef1c31e1,11:46:34:813,0
87631f69-5245-44b1-97b3-bf241d8955a2,11:46:36:814,0
34f834f8-e42c-4db6-99bb-84a7616bab34,11:46:38:818,0
185d2c38-7dfb-4e16-bf11-3cd62063c105,11:46:40:819,0
b459dbe0-596a-4d73-b90a-7f12a1b72ac8,11:46:42:819,0
7de43061-61ca-415e-9c6c-6552ddc8baf5,11:46:44:819,0
8dbd5334-6b77-45e9-bf48-6b4c3483280f,11:46:46:822,0
35457a5a-f8d7-4970-808c-3d0cbf7d64a7,11:46:48:823,0
d79eeb59-b5d9-4380-b99e-620d3a493fa0,11:46:50:823,0
fbcb7646-20cf-4364-9bbd-083d03ae8b6b,11:46:52:824,0
e7c2a2b4-e655-40aa-a4b5-620a0a6027d6,11:46:54:825,0
fdcb0dc8-c0c5-4955-89f7-72bb75e3ce78,11:46:56:825,0
b846a945-0c8a-4498-bf54-c4bdba8f60e9,11:46:58:826,0
b8cf5bbe-152a-4949-bfbf-218a38888551,11:47:00:826,0
3e1fcf61-1b4f-4e61-9e29-0770cc507432,11:47:02:826,0
ca556773-2fba-4a3f-a9ee-99674c04da43,11:47:04:827,0
a18368b8-f505-4e21-9530-16ed17e6bef7,11:47:06:827,0
b3401923-9d2f-4614-9d9d-5fee718f0e05,11:47:08:829,0
aa8e5dfc-fa72-468f-a1f9-d0aad3dc55a4,11:47:10:830,0
5bcc43ef-0b94-4ac2-8cfc-1a4bcf90451f,11:47:12:832,0
96c02de4-2988-4684-a348-6a2f616847d6,11:47:14:833,0
da251e5a-8f67-4344-b069-1e55c283adb1,11:47:16:834,0
2264e03b-9fcd-4545-afe9-8fb5c1cbbe8a,11:47:18:836,0
5ea1de21-31f9-4667-9c0e-c9c74b687f3d,11:47:20:837,0
e1e40125-95b6-48cb-875b-378a31662fe7,11:47:22:841,0
550f4627-9a5a-45a3-a379-8508e9179548,11:47:24:842,0
c39fbfd3-aa44-4f56-a279-c8e547d0a4c3,11:47:26:844,0
29b05534-b4f4-491c-bcc5-22bb30f92f6a,11:47:28:846,0
df140a41-53b8-48b9-925f-80b113db245f,11:47:30:847,0
efd2af7c-b3e3-4573-922e-10e1e496103c,11:47:32:847,0
87d3985b-a42b-47ad-8f97-edf618bd5289,11:47:34:849,0
c877d60f-682a-4bbf-a6d0-85b50af659bb,11:47:36:849,0
a772e49f-68f8-4071-a1cf-78bcc48f8557,11:47:38:850,0
cf3ab05d-39c7-48b1-a22b-28a73cc2ae4f,11:47:40:854,0
8aed12e3-dfb4-44f0-9be2-be242f956834,11:47:42:856,0
d3cdc43f-c3d5-4ae0-8a2f-58e0456fc023,11:47:44:857,0
30cf74b9-fb75-42d6-9a80-a99798492dd5,11:47:46:858,0
6be1d889-805e-412f-b0d8-86a395efa3f3,11:47:48:858,0
23398699-c655-456c-9851-cdd6d44a5cf7,11:47:50:859,0
a01b5f16-1540-408d-b452-4500e078d45f,11:47:52:859,0
ae27a000-53e8-41da-9c0a-2efe4d7f6a25,11:47:54:863,0
682d42cb-2b3b-45cf-8f94-944b3a468cc6,11:47:56:863,0
3338ab01-1aaf-4127-95b5-a928bf977623,11:47:58:864,0
88874ecf-2707-4a88-984f-4d104a79e283,11:48:00:864,0
0e13a1fd-89a7-4162-81fb-009ac9ef3f53,11:48:02:865,0
a6ba2602-79e8-4ba6-ad61-d2a39526a5e6,11:48:04:865,0
16a580d8-d4aa-44d1-b456-3cf9f0765e9f,11:48:06:866,0
31ee0874-32a1-4c98-982b-e561a9c3eb46,11:48:08:867,0
047639fe-c05d-42db-ae2a-e2ed8616d3c1,11:48:10:868,0
69341a17-3429-40b5-9920-42d7cc913c89,11:48:12:868,0
bd32aa06-32d1-4cef-8ec7-ed3ad835e404,11:48:14:868,0
851b5d10-0d7c-40ad-822e-09b96ece5a16,11:48:16:869,0
c33b79e8-b361-449d-9660-7a05cbf71f28,11:48:18:869,0
37b631b9-e73e-4ed1-885b-de04d13319f5,11:48:20:870,0
607cd35e-6bc0-42a8-bc38-aa9d89cee270,11:48:22:870,0
4338e4c6-3773-4560-814e-b2a0dc536b0b,11:48:24:871,0
aedb5e68-dac2-4822-a015-4385e2660e70,11:48:26:871,0
61821a2d-fd48-4095-834c-7cf76db3b440,11:48:28:872,0
3ab900bf-e099-416a-bd6a-ea401c166d66,11:48:30:874,0
649e47a4-9c1f-4be5-92f8-56629549b3c0,11:48:32:875,0
15263114-78e4-4553-885b-a975f3867809,11:48:34:876,0
85f4b3c7-f1dd-4e70-b0e2-0c4d464dc56e,11:48:36:876,0
f7aea0ad-e627-4b8b-b9dc-2696c9e4e70e,11:48:38:876,0
f2c72e2a-664a-4faa-aa7d-9b7d1bb4b63e,11:48:40:877,0
db23f78e-6057-45db-9685-e75e2afcad94,11:48:42:877,0
ba65c87c-fafa-4c2c-aefe-6a9bd2958678,11:48:44:878,0
bba2e7a0-77ac-4a8e-a5f1-c8610e6de86c,11:48:46:880,0
bff45034-53ff-4925-b5ea-74c66b2589a5,11:48:48:881,0
5fc26603-4dbf-41c1-913f-7c22344165bc,11:48:50:882,0
ea71b7cb-7c8c-418c-b653-743ee3c3535a,11:48:52:882,0
3203effb-e3cd-41f0-a178-0d35e46c2759,11:48:54:883,0
3f074708-d467-43c9-8427-22fd7c1bbe8b,11:48:56:885,0
28c4121e-3ed5-4dd0-a6d5-a7bac7b090f7,11:48:58:887,0
a58f1efb-923b-4a7a-bfac-e1c7c878fed4,11:49:00:887,0
20accebf-2bae-4104-a9cd-2398fbeb38a2,11:49:02:887,0
cf60a0b9-cdf2-498a-8a8d-3d9278b7efef,11:49:04:888,0
7624f472-aa61-4913-b4aa-1ec827c9d0b4,11:49:06:888,0
c73f4f35-be92-43bf-b08b-c14b217b518b,11:49:08:889,0
09098b93-0a87-4768-98f3-366ee4198489,11:49:10:889,0
be80a61f-e5b8-4f3c-8fb7-f6c9f47ebdb7,11:49:12:890,0
28431ab4-b2b4-44b9-9ce6-d1b358e66b07,11:49:14:891,0
02491597-2a50-4f92-b675-63fb2f07fb1e,11:49:16:892,0
64cfef61-8295-45ef-86a0-9cf8e2c5c7b8,11:49:18:892,0
94ca5ca4-589c-4d5a-9f0b-6b44986f6ce2,11:49:20:894,0
15d8e7ae-f40a-4c55-a563-eba77d5c5143,11:49:22:895,0
d68711bb-cb2c-4d5d-959a-5f1bcfe1777b,11:49:24:897,0
b051d4a2-901b-4b37-89e9-0dbef943182f,11:49:26:898,0
a0e947e5-bce5-409c-9f82-eb7a68d0f0f4,11:49:28:900,0
7680bf71-f8c1-4130-9b0c-67de8e9aab5b,11:49:30:900,0
68f87079-8486-40d0-9cd5-24f6d5474d2c,11:49:32:900,0
7a1f660b-94d4-484f-9559-c09e1ae35cc3,11:49:34:900,0
fd694564-f3dd-4bc5-8377-9be493e10b23,11:49:36:901,0
813385e0-937b-45e4-bd29-6205473a3c9a,11:49:38:901,0
bf379908-d982-4d97-9688-a6f91250f65c,11:49:40:902,0
ab6b97ad-9789-4135-b30d-1a8c0b6473ef,11:49:42:903,0
5ce4a5d4-173d-4c49-82dc-f5f1d3807d0e,11:49:44:903,0
a397c915-ca42-4007-9b99-ed9866bfb3d4,11:49:46:904,0
c0ee7018-0ec4-43bd-9053-deb821fac391,11:49:48:905,0
64892eff-1852-49a6-a89f-baef2556d059,11:49:50:905,0
91e3c5fc-ebef-45c2-ad31-22b50290cd3e,11:49:52:906,0
404a6e82-fe32-4556-aff8-ca0226edac31,11:49:54:907,0
3f5e573d-0a9b-45ac-809a-1c9cc6d6f6aa,11:49:56:907,0
8d38b5a4-04de-43d4-a95d-ca2e2d32c1e7,11:49:58:908,0
d2c5298a-2bd6-4bcc-b7db-c3eb54a9778f,11:50:00:908,0
d7bf7ce2-694f-4608-99fa-dbe359dba876,11:50:02:909,0
fa01c5ba-e801-48a8-afc8-77ba9e8543c0,11:50:04:910,0
47e4dc31-55fe-4862-90de-b96e8348bc2d,11:50:06:912,0
42f64c5e-c088-47cb-8a6e-1730440d758f,11:50:08:913,0
1fdd1fb3-2b3c-497b-91fa-734842826b28,11:50:10:915,0
af31829f-9fac-4084-b600-ad7ae55a1b5b,11:50:12:915,0
cba5f1e3-0723-4080-ab76-1c9093e386df,11:50:14:916,0
d4a56222-eb80-48f1-8e9f-4001a4ca9abf,11:50:16:917,0
1c21e97d-c83d-4fe1-853f-8ed82f81c154,11:50:18:917,0
6d43ea44-8701-4343-8ebb-36ad1047eb37,11:50:20:918,0
5a9dcc3d-fd89-4c16-a2d9-33b8dad9f843,11:50:22:920,0
0bcb20a0-6b4a-459e-a1ad-ed4181c6c365,11:50:24:922,0
56bf55a7-6ab8-4dcb-80f1-3bc3d9bdc67c,11:50:26:924,0
1ff8d6b5-869c-40bb-b109-679a58e6fe01,11:50:28:925,0
f16b442a-209c-479a-a239-5babf87b575b,11:50:30:927,0
e975cadc-654d-4929-b980-9a799499febf,11:50:32:928,0
b3344458-a6c9-480b-9182-b609a87bb2c8,11:50:34:929,0
924b8d41-62b6-4cbe-8122-d20d1ad8400f,11:50:36:929,0
30b562e8-e319-45db-9eda-593d6fc2b506,11:50:38:932,0
405f9fc0-06d3-4f0a-b9d1-0b204c8a5d4e,11:50:40:933,0
259df558-9b64-497e-98fb-9292baa6a827,11:50:42:933,0
a211206d-d59e-4f95-a97f-8d11d15d3936,11:50:44:934,0
67fa2d16-5467-48d1-b8e4-be21e47b63f0,11:50:46:934,0
566a06d7-56e6-44af-bbda-aa1230234a92,11:50:48:935,0
c0369296-2abf-4d89-94a8-65857eb70d1f,11:50:50:935,0
9b4cc3a6-45dd-4832-a22c-1f6aff87923c,11:50:52:936,0
93059115-68b7-4d96-a881-6af0389b7574,11:50:54:938,0
fc8a391e-2c55-43bc-8cfa-ceddf20e2953,11:50:56:938,0
56809cf9-1228-4f8e-834c-706901509872,11:50:58:939,0
f1b2cef0-f067-447d-9b71-5bc076a54da5,11:51:00:939,0
1a74d8bd-d98b-496c-aab9-c18219d2aef4,11:51:02:939,0
6a1bb2a1-678f-4ae9-8ce3-382e7a4e9b28,11:51:04:940,0
2f1ed183-1df3-444d-b26d-c6f5cf27f37b,11:51:06:941,0
c6cecc07-0c7b-45e7-920a-dcfebefcb812,11:51:08:941,0
dc9d0fad-bc8c-422f-8537-de0321d97004,11:51:10:941,0
44fad2ef-e7b6-456c-822e-a7639521c4ce,11:51:12:942,0
aa220faa-4297-485d-bccd-0bb13496761b,11:51:14:943,0
9fa3e1e9-4e16-499b-af17-b609654802cb,11:51:16:945,0
4bcb0bb3-e60c-4cb5-9c3d-5f4d274343a3,11:51:18:946,0
6c1c8183-148c-4f5b-84ca-330b331d51f8,11:51:20:948,0
c81fdcf7-d79b-4dce-b1ad-9b6cf7cba7b4,11:51:22:948,0
1f8a9ac6-c424-4536-80be-bbf962337b34,11:51:24:950,0
0b6605db-9c19-46e8-ae24-600103ff9a6a,11:51:26:950,0
eb3cb724-7b65-42c1-be34-6b03422add00,11:51:28:951,0
517fc679-346c-45d7-86b4-531c0bba5dbf,11:51:30:951,0
61897b13-e57c-4af9-a8ed-91ced7195fe6,11:51:32:952,0
6b7df3a6-84d8-4baa-b3ff-f1c3c88c64ca,11:51:34:952,0
a6decf9a-8a79-4320-8607-c9d812bc6513,11:51:36:953,0
a833915e-8f0e-4c14-b777-38ab1ce7d975,11:51:38:954,0
ed406dfc-6e22-45e1-80b7-e4e0c1970329,11:51:40:954,0
aafb888b-952e-443b-a8db-545df3595539,11:51:42:954,0
fd9aaca4-3fd8-4234-a353-724c14a8780b,11:51:44:955,0
7357f9d8-f138-4c5e-8298-5c3552fccf08,11:51:46:956,0
b2fa5279-d2d7-4e3a-9e00-efe265127f54,11:51:48:957,0
b25f31be-3d9a-46d5-8959-1e2c6470bc2e,11:51:50:957,0
b5413edf-bdc2-4676-83ae-a0d83357c8ea,11:51:52:958,0
de12f0aa-aaac-4c50-8613-b6c2d9d64368,11:51:54:959,0
3b777df5-bba8-4d91-964b-ee778d9c5aa6,11:51:56:959,0
22ad41eb-0cfe-4a75-a638-c8753f6aefe5,11:51:58:960,0
cad4169a-528a-4a33-95f8-b7ba2d9584c8,11:52:00:960,0
04999aeb-e9a3-4c2f-95a7-7ba181ff1810,11:52:02:961,0
9386a0d0-9b1e-4792-9669-74b988be58ec,11:52:04:963,0
d69eedf5-82d5-47f4-8771-0713d6e348c9,11:52:06:965,0
49242830-76f5-4f48-9e2f-58ff62b11211,11:52:08:966,0
c56b9a55-cdf1-424a-a90e-6343e2edef46,11:52:10:969,0
73c703bb-797a-4d16-908f-b8c8bed79d9c,11:52:12:970,0
03dd21f2-65c8-4fda-8284-233ed9a0d028,11:52:14:970,0
29677180-b95f-422c-ad7a-af9b8cf4b6d3,11:52:16:971,0
e9eba4f1-b0e6-4d93-8394-e997592d0c9a,11:52:18:971,0
f6a35c9b-eac4-4868-9191-f57c5fad948b,11:52:20:972,0
e110c6b7-e395-41e7-a036-65f6698bc2bf,11:52:22:972,0
1d7bda6d-1191-4fcc-be83-7a46546ff8e5,11:52:24:972,0
be159772-8aa2-4371-964c-5ce6867c4624,11:52:26:973,0
69155762-5019-4fd5-a139-2f2b4923c8ef,11:52:28:973,0
904e403e-654b-4481-878d-caf0ddb03ba2,11:52:30:973,0
9824c514-25f5-4c2f-bfa9-7a087c9ee232,11:52:32:974,0
e24aa07d-f6a5-4805-9391-37f2ae359d88,11:52:34:975,0
59c9143e-eae7-4cad-845c-4ffe697bd5f1,11:52:36:975,0
c9a8bcc4-e666-487c-9000-e179f2e9b0e4,11:52:38:976,0
7fa4e681-e53d-40b4-89c6-1947d61e3626,11:52:40:976,0
7293cad3-b3a1-414a-bfd9-0f26058f7106,11:52:42:977,0
ea51e24a-78fc-4dc4-9079-2f1136c2ccef,11:52:44:979,0
ccc859e1-d4aa-4771-9461-29107cd69ba5,11:52:46:982,0
08cdd2e0-c980-475a-a66b-4894151adcd6,11:52:48:982,0
57bd1a49-049d-4aa9-9201-5415d664636a,11:52:50:984,0
f06e8afd-ddca-47f5-afd6-eff64c526326,11:52:52:985,0
10efb87b-1622-4c26-9af4-154d175a4502,11:52:54:986,0
99c5e947-d63e-488d-b387-f2aa760f65e4,11:52:56:986,0
417a2216-c984-40ea-bbf3-92067ff57e81,11:52:58:987,0
f9ae8ae8-c4c9-40ff-8ad4-4aaae28efb32,11:53:00:987,0
5a1e42ee-1ebc-4e71-8ef2-28a3f9a8fd00,11:53:02:988,0
a3a4fc77-5cf4-461e-a965-c831aa27d289,11:53:04:990,0
a24195d5-17b1-4779-80ff-a11477ed0f03,11:53:06:991,0
104c27f1-941e-4bb5-9a9f-b507135e32dc,11:53:08:993,0
3c4c7c4c-48ea-40b6-9bb4-708361f4b3f6,11:53:10:995,0
920224a9-4a75-4018-a69f-5b209c4e106f,11:53:12:996,0
19e05bc1-5f3f-48cb-a751-37c4c3b44c88,11:53:14:997,0
c3ded6a5-386c-446d-a3c2-de4ef9cf1ec9,11:53:16:997,0
1218bc23-e62f-4465-ab4c-4b47093cbebf,11:53:18:999,0
ff055bc0-a595-4123-9dae-2a82b77e0e8c,11:53:21:000,0
d1669082-ea8c-46b6-a1a4-b01cd105f250,11:53:23:000,0
7f944204-76d7-4eb6-a9c1-cc940ff9cc3b,11:53:25:000,0
335ac2cc-1a7a-4beb-8581-ff719956d0a7,11:53:27:001,0
80c9647e-300c-4556-9b3e-b661862eeefa,11:53:29:002,0
389ec823-e2b4-4d33-a618-0d4b081f6a05,11:53:31:002,0
e0e4ac2c-e611-424d-97ec-6703e6ce7406,11:53:33:003,0
a46efff0-b419-472a-be1f-17da42e715d5,11:53:35:005,0
25b690bf-3732-4c57-9004-ee625b1bb806,11:53:37:005,0
e74be9ba-6cbd-4a77-a583-205363f11779,11:53:39:006,0
93f54b99-8d11-4a32-9505-f9882631c165,11:53:41:006,0
43fb9c5b-f83c-4c9e-b61d-e3d66ca1b994,11:53:43:007,0
d6689519-f73b-4a45-999c-8f88fd47afc8,11:53:45:008,0
db0af6be-9207-4294-8e88-9dc3f2729ce7,11:53:47:010,0
0c3c2679-614a-4cc4-abf5-bf500f2756d7,11:53:49:012,0
b6916e38-74f0-44b1-9219-1365c7a3c9ea,11:53:51:013,0
a4298c17-1ab7-4743-b166-ebc29fdb91e6,11:53:53:013,0
ae3388aa-ca4f-4f85-b531-62da4466304e,11:53:55:014,0
6fefe300-a8b4-4f7d-af37-e57b691a3ca3,11:53:57:014,0
36cf7ba8-8d11-451b-8c27-442d99aedec3,11:53:59:015,0
a3410037-ef4e-4e82-b14d-d99b30e39011,11:54:01:016,0
50f979a1-5cf1-4661-bd64-d56ca428ea98,11:54:03:017,0
8044496e-6def-4362-af55-cc2937deca36,11:54:05:017,0
df839dfc-5e53-47dd-bb78-7dbaa01189f7,11:54:07:017,0
39a9f129-d9c5-4a42-b9cf-c44555c14301,11:54:09:018,0
62fed9fb-0076-4df5-89ef-38ac762fda91,11:54:11:018,0
cf2cf418-de5c-4526-a373-17cc86cc864b,11:54:13:019,0
66c614df-6de7-41cf-a675-6a098ce659c7,11:54:15:020,0
5b6174a0-cd0a-44a2-8317-19fc8c91d6d2,11:54:17:021,0
f2a452c4-0f80-40f1-8673-efda6688cabb,11:54:19:021,0
76fa6d96-03ef-45c6-aee2-6f18ad4d48ba,11:54:21:023,0
09b3e6a2-94f2-4afa-b346-d6996e3378e2,11:54:23:025,0
3bec1a8a-6ced-4459-93cc-c8c2a0a3ccc1,11:54:25:025,0
47df0f18-2f85-4cd6-bfd1-b5e8f57857ca,11:54:27:026,0
5ca987ec-0213-4347-b346-9a986dbcf43c,11:54:29:027,0
b9f70afd-595d-4525-a943-0348de3bf7cb,11:54:31:029,0
a8762aa4-ba8b-4cec-b24a-099249aad8b6,11:54:33:030,0
85f7b815-9dc4-4cc2-bf66-291258196538,11:54:35:030,0
a2439003-4424-46ad-a840-aa978ff4dc12,11:54:37:032,0
ac1a1df0-8cae-476e-83af-8c46b3304a66,11:54:39:033,0
473b3017-26c6-4105-af49-1d13b05858d2,11:54:41:035,0
9adaa8f3-4794-4d8f-be4c-6a79ac43a681,11:54:43:036,0
6d183444-63b9-462d-838f-32cf7f91855b,11:54:45:036,0
047393c3-5381-40ef-a2a7-75aaf13454d3,11:54:47:039,0
fd29cf77-fab2-46b1-bebc-31f8ce7ea812,11:54:49:040,0
88a7423a-6f37-44c4-baaf-3afc4cc57ad7,11:54:51:040,0
3e078c34-52ae-46df-b5d6-3c22da0fcc01,11:54:53:040,0
cd8f5afa-9e50-41bf-b79e-4a1b4ca56d45,11:54:55:040,0
1b3b9b94-9f23-4563-994e-9c702d6e3213,11:54:57:041,0
05cecc04-20f2-4291-b594-c21051abd1c2,11:54:59:042,0
1651882a-4095-41e8-b721-3bafa40dd025,11:55:01:042,0
dbaf159a-9960-4754-ab96-6332521730ee,11:55:03:043,0
14bf92fe-beb9-402e-ae6b-9a7d7b5e6340,11:55:05:043,0
8b71a4b8-ed6d-4ac0-85f4-7b7d78745d82,11:55:07:044,0
9aeefb17-6818-4745-931d-792afce17c00,11:55:09:044,0
d85fad22-b477-4e25-b345-42b1ea9814a5,11:55:11:044,0
f2c1385c-01bd-4785-829e-e1cc8d9c5daf,11:55:13:047,0
58190a5b-8343-4d34-b013-b9b149d6be22,11:55:15:049,0
35375f9e-5dec-4b37-a370-3c9ce53e501e,11:55:17:049,0
1c9b5e3d-1dd9-4052-b6b7-8a59559218bc,11:55:19:050,0
7a1a4344-c2e4-44b2-83fe-f19964409c12,11:55:21:050,0
48a07905-7f58-4be0-8525-a42f676e03c5,11:55:23:050,0
a32ad0bb-d928-4d99-90de-efe42274123e,11:55:25:051,0
1e2313d2-478e-4fb8-a07b-83b0542af2fb,11:55:27:051,0
6b51e411-7c96-4e3d-930e-6aa86d93e672,11:55:29:052,0
db49e18a-e39d-4dd9-9dea-ade1be4551f2,11:55:31:052,0
989cc0d6-2719-4d49-9b69-6fd067a12956,11:55:33:052,0
44a41ba9-a3b7-48a2-9ef6-9caad13e615c,11:55:35:053,0
b6db15f7-96a6-4545-9d04-5fd27c51728f,11:55:37:054,0
7738eab3-0db2-4d98-99ba-78619a2fe25a,11:55:39:055,0
0ca83ce3-9150-454a-b762-f2e2fdddc932,11:55:41:056,0
d071ad1b-6e88-4f2b-8e48-51c40e7a3d01,11:55:43:056,0
7e56fb96-8c44-47a9-b3a3-18be21b923c7,11:55:45:057,0
250a08e7-54a0-421b-b2cf-2aa6c21a6f22,11:55:47:058,0
dfea95ba-4946-44cc-9b3d-c471080fc0ed,11:55:49:060,0
9794dc35-f520-457d-a8f2-5976c82ecc86,11:55:51:062,0
9c65a59c-85f1-4897-898a-690efd878b3d,11:55:53:063,0
920ccfc3-8e41-49ff-be55-750517a3788a,11:55:55:063,0
75aabb18-9cbc-41d0-9709-01b15178493e,11:55:57:063,0
e5835a89-8bef-45fc-b9a8-d7ed518d117e,11:55:59:064,0
116e80b0-b3a4-4034-9eb2-377bc0664cf8,11:56:01:065,0
c6a36646-dd49-432e-bf79-5cb31f35b801,11:56:03:067,0
34aa7fd6-d865-4b79-8c7b-41957024f3c3,11:56:05:067,0
7b0be6ad-6ba5-4cfe-9ffc-3f59aed4f803,11:56:07:068,0
f8d50476-8b18-4994-bb14-0d4fe518cea0,11:56:09:069,0
000eff85-e2c6-4ef7-8dc3-fa725eed8b63,11:56:11:069,0
6661ff0a-ffc5-4d5b-928b-6d3353dd1873,11:56:13:069,0
c908b44b-64c0-44cf-8fcd-6172d7a2d465,11:56:15:070,0
2b071845-69d1-44f5-af70-c93e46302aa9,11:56:17:070,0
ab9ac45c-6b99-48cb-ae19-2c78d4947ed6,11:56:19:071,0
d480690c-e6cd-461b-8980-ae212de81fbc,11:56:21:071,0
c7008fad-1eb0-4074-a716-d6cf42f00fc0,11:56:23:071,0
8e41d831-0cc0-441d-8e5d-c4f80f5f8ca5,11:56:25:072,0
ed4cc722-f4d4-4f1c-b763-5f6e652760e1,11:56:27:073,0
e619f39a-eddd-407a-81b7-35cafbb4d590,11:56:29:074,0
09f9a2bc-d714-44a8-9681-1642f43e48e9,11:56:31:074,0
cd6f551d-be17-4409-8df9-c2aab5652ba8,11:56:33:077,0
28986c83-1fa6-4d9a-a38a-bd1ea81283fe,11:56:35:078,0
2155e8ed-38ed-4524-8960-5d6ccd2da0f5,11:56:37:078,0
17308e3b-9bd2-4f43-a736-433b480be558,11:56:39:078,0
f13f87c8-84c8-4d63-a19e-3a20414eb690,11:56:41:079,0
1042d40f-e8bc-4038-9c7b-fbeaa8aba1d6,11:56:43:081,0
d41fb911-7706-49dd-9a5a-f6612ca5f496,11:56:45:082,0
664df4be-b9a2-4dff-b000-202b6b06a556,11:56:47:083,0
1a3f6c2b-3d67-446e-9178-5455ff1680ac,11:56:49:083,0
58770f41-b0a2-448c-aa69-fe1c85360dab,11:56:51:083,0
afd0883e-8deb-4119-bda3-41451c44249d,11:56:53:084,0
28017eb9-457d-4750-9f80-58334a485512,11:56:55:085,0
1db9ebb5-ca8c-4b57-95bc-506232ab6829,11:56:57:087,0
ba7901be-5427-4d73-a157-a9be80d0a6c0,11:56:59:087,0
2a159cf5-efc5-4cfb-a507-27d74bcb319d,11:57:01:088,0
28f08956-2f5b-4050-8875-809f22bbedc7,11:57:03:088,0
0340623b-8119-475f-856b-d2f34ef65c60,11:57:05:088,0
7a7af1e0-4037-4223-8d18-432e34ed970f,11:57:07:089,0
42ded994-8e18-4eeb-a419-2a5ef4cc4761,11:57:09:089,0
613125f7-252e-4b45-9208-e10028b48d69,11:57:11:090,0
a51c10f2-832e-4689-9076-cf10b60a6f6f,11:57:13:090,0
4a555df9-2344-4c02-b9e9-6f026df54a4b,11:57:15:090,0
a5e7f795-7949-460e-953e-163b3c923007,11:57:17:091,0
75e9eff7-1c10-4948-bb9b-efb79338c37b,11:57:19:092,0
ffe32f43-b57b-4826-bd6e-d197c2b67133,11:57:21:094,0
ec4ca905-5fdd-47ee-aba4-8937b78b61b6,11:57:23:094,0
2cc875df-a66a-4f44-9e6d-c8334b30f94d,11:57:25:095,0
be1b867b-cc9d-4d78-aea2-fb83f4ba7aab,11:57:27:096,0
818e3ead-1ab1-4b5f-9cec-33233739ff2f,11:57:29:098,0
c8b97ea5-e711-4a4d-8a71-13ab0af70da9,11:57:31:098,0
6cfd6f6f-c651-4e0b-9c10-c2ca04837148,11:57:33:099,0
85b18d67-2e6b-47e3-bab6-99ab026e3ea9,11:57:35:100,0
e84403eb-e0cd-4ce6-bb9b-80375e5d62c3,11:57:37:100,0
bff65106-b82d-4017-a68d-7bd24b46f0ce,11:57:39:100,-29.59976
83f769bb-0ea1-43e8-a9b6-ce1fa53f678a,11:57:41:102,60.10024
49e53a5e-d806-4fab-887f-e52df9be043c,11:57:43:102,76.2002
1c951cb7-0f00-4793-a027-6463b79e2f42,11:57:45:103,0.0001981258
f5e699ee-1476-4b58-aa7f-0dcebd4a9c23,11:57:47:103,-16.49982
09e29cd4-0c5e-4944-bda5-fa68e502edc3,11:57:49:104,0
0da115ea-148c-4a56-b05c-b564db4d5ea3,11:57:51:104,0
06d797eb-84e1-49ff-a4eb-a472a1afee7b,11:57:53:105,-42.09982
f4806fca-de03-4a5b-b86c-87733f086a78,11:57:55:106,13.6002
d8b69fdb-f254-4611-a1b2-289c92a9e04e,11:57:57:106,-36.7998
43eefb96-0dbb-42d7-8b28-55cbbd7f4a73,11:57:59:107,0
6d6e12a0-c99e-44d3-9139-7cd830d9925c,11:58:01:108,0
c098e6a8-a87d-4655-a2e8-246a71eb6a19,11:58:03:110,0
f68a15b4-122f-42bc-adc0-e618e80023ca,11:58:05:111,0
6c99201a-96ce-4a81-9c57-24c1720e9621,11:58:07:112,0
cf5d116e-3de0-4843-93bb-b2d02ff7a530,11:58:09:113,0
21d38153-fbcd-40a7-b1cc-a9ec8c1934ed,11:58:11:114,-46.59979
1d891490-47e6-4ce6-8cc3-95370884edd3,11:58:13:115,-99.69977
b1db2bc4-e482-4193-b559-2b1fa3ed4622,11:58:15:116,15.0002
8304b52e-1411-442a-9094-90b493767da0,11:58:17:120,-7.299805
a51660ef-20cd-4ed6-810e-9ead886510a5,11:58:19:120,-25.99982
885b40ed-d67c-4ba1-970c-8de7d2de5dfa,11:58:21:121,-26.19983
dec9837d-324e-4172-b346-3f087652e217,11:58:23:122,-26.19983
90e5424a-abfb-491d-a33d-b2562aec66a6,11:58:25:122,-26.19983
b6121812-0ac6-424b-bd37-1bae3f7daff0,11:58:27:123,-26.19983
1129825a-3de2-44ca-8256-29871625b9b0,11:58:29:124,-26.19983
a6cb235a-e4d8-43d4-95d7-91cc264175d8,11:58:31:125,-26.19983
379c9ebd-7ba4-4565-94c5-d05098f95ff4,11:58:33:126,-26.19983
c09965c8-6e79-46d5-81b0-4705f6d15f81,11:58:35:126,-26.19983
79d825b1-ec26-48c3-a66e-94bbb2107087,11:58:37:126,-26.19983
8459ab04-b023-47c2-be6f-32d8674dc0dc,11:58:39:130,-26.19983
b180fca0-9594-4d4c-9e09-1ec710d352ce,11:58:41:131,-26.19983
e06f81f5-0290-434c-93ba-db0139bab808,11:58:43:131,-26.19983
51124e1e-de31-4553-895a-923b5649d761,11:58:45:132,-26.19983
3f0e1bee-7e71-4d8b-aa30-7448eb525f2f,11:58:47:132,-26.19983
c37e366e-f15d-4e2a-b1fc-ad6317aa5ac7,11:58:49:132,0
5a600af7-a6f1-439b-8ccc-8e11dd4eb518,11:58:51:133,0
31646169-1a38-47e3-bf6f-d6d3f64e2efe,11:58:53:134,-38.39984
fbad616d-7ef6-475f-aab3-4ff476c46d6a,11:58:55:134,0
bd70652d-55ad-4d48-a0c1-44069f0e5162,11:58:57:135,0
27770122-232d-483a-b2ce-8ff6fa7865e7,11:58:59:136,0
e4b3276b-c122-449c-870e-702ac7d4ce32,11:59:01:138,0
6909934f-bd69-418c-9d9a-e98f72ba4f91,11:59:03:139,0
c3d50c62-7c6e-44bc-b4a5-bd34b238ec78,11:59:05:139,0
7481920a-9782-42b3-8c2e-e4e6401541c3,11:59:07:140,0

